reorder_id,install,period,reordered
R00001,I00001,2026-Q2,true
R00002,I00002,2026-Q3,true
R00003,I00003,2025-Q2,true
R00004,I00004,2025-Q3,true
R00005,I00005,2026-Q1,true
R00006,I00006,2025-Q3,false
R00007,I00007,2026-Q3,true
R00008,I00008,2026-Q3,false
R00009,I00009,2025-Q2,true
R00010,I00010,2026-Q1,true
R00011,I00011,2026-Q1,false
R00012,I00012,2026-Q2,true
R00013,I00013,2026-Q1,true
R00014,I00014,2025-Q4,true
R00015,I00015,2025-Q2,true
R00016,I00016,2025-Q4,true
R00017,I00017,2026-Q1,true
R00018,I00018,2025-Q2,true
R00019,I00019,2025-Q2,true
R00020,I00020,2026-Q3,true
R00021,I00021,2026-Q1,true
R00022,I00022,2025-Q3,true
R00023,I00023,2025-Q2,true
R00024,I00024,2025-Q4,true
R00025,I00025,2025-Q3,true
R00026,I00026,2025-Q3,true
R00027,I00027,2026-Q1,true
R00028,I00028,2026-Q2,true
R00029,I00029,2025-Q2,true
R00030,I00030,2025-Q2,true
R00031,I00031,2026-Q3,true
R00032,I00032,2025-Q4,true
R00033,I00033,2025-Q3,true
R00034,I00034,2025-Q4,false
R00035,I00035,2025-Q3,true
R00036,I00036,2026-Q2,true
R00037,I00037,2026-Q2,true
R00038,I00038,2025-Q1,true
R00039,I00039,2025-Q3,true
R00040,I00040,2025-Q2,true
R00041,I00041,2025-Q3,true
R00042,I00042,2025-Q2,false
R00043,I00043,2026-Q2,true
R00044,I00044,2025-Q3,true
R00045,I00045,2025-Q3,true
R00046,I00046,2025-Q2,true
R00047,I00047,2025-Q4,true
R00048,I00048,2025-Q2,true
R00049,I00049,2025-Q2,true
R00050,I00050,2025-Q3,false
R00051,I00051,2025-Q2,true
R00052,I00052,2025-Q2,true
R00053,I00053,2026-Q1,false
R00054,I00054,2026-Q3,false
R00055,I00055,2025-Q2,true
R00056,I00056,2025-Q3,true
R00057,I00057,2026-Q3,true
R00058,I00058,2025-Q2,true
R00059,I00059,2026-Q3,true
R00060,I00060,2026-Q2,true
R00061,I00061,2026-Q3,true
R00062,I00062,2025-Q2,true
R00063,I00063,2026-Q1,true
R00064,I00064,2026-Q1,true
R00065,I00065,2026-Q1,true
R00066,I00066,2025-Q4,true
R00067,I00067,2025-Q3,true
R00068,I00068,2025-Q4,true
R00069,I00069,2026-Q1,true
R00070,I00070,2025-Q2,true
R00071,I00071,2025-Q3,true
R00072,I00072,2025-Q2,true
R00073,I00073,2026-Q1,false
R00074,I00074,2025-Q4,true
R00075,I00075,2026-Q3,true
R00076,I00076,2025-Q2,true
R00077,I00077,2025-Q2,false
R00078,I00078,2026-Q1,true
R00079,I00079,2025-Q3,true
R00080,I00080,2026-Q3,false
R00081,I00081,2025-Q4,true
R00082,I00082,2025-Q3,true
R00083,I00083,2026-Q1,true
R00084,I00084,2026-Q3,true
R00085,I00085,2025-Q4,false
R00086,I00086,2025-Q4,true
R00087,I00087,2025-Q4,false
R00088,I00088,2025-Q3,false
R00089,I00089,2026-Q2,true
R00090,I00090,2025-Q3,true
R00091,I00091,2026-Q2,true
R00092,I00092,2026-Q1,false
R00093,I00093,2026-Q3,false
R00094,I00094,2025-Q3,false
R00095,I00095,2025-Q4,true
R00096,I00096,2026-Q3,true
R00097,I00097,2025-Q3,true
R00098,I00098,2025-Q2,false
R00099,I00099,2025-Q4,false
R00100,I00100,2026-Q1,true
R00101,I00101,2025-Q3,true
R00102,I00102,2025-Q4,true
R00103,I00103,2026-Q2,true
R00104,I00104,2026-Q2,true
R00105,I00105,2026-Q1,true
R00106,I00106,2025-Q2,true
R00107,I00107,2026-Q2,true
R00108,I00108,2025-Q3,true
R00109,I00109,2025-Q2,true
R00110,I00110,2025-Q3,true
R00111,I00111,2026-Q2,false
R00112,I00112,2026-Q3,true
R00113,I00113,2025-Q2,true
R00114,I00114,2026-Q3,true
R00115,I00115,2025-Q2,true
R00116,I00116,2026-Q2,false
R00117,I00117,2025-Q4,true
R00118,I00118,2025-Q4,true
R00119,I00119,2025-Q2,true
R00120,I00120,2026-Q1,true
R00121,I00121,2026-Q2,true
R00122,I00122,2026-Q1,false
R00123,I00123,2025-Q4,true
R00124,I00124,2025-Q3,false
R00125,I00125,2026-Q1,false
R00126,I00126,2025-Q3,true
R00127,I00127,2026-Q1,true
R00128,I00128,2025-Q4,true
R00129,I00129,2026-Q2,true
R00130,I00130,2026-Q1,false
R00131,I00131,2026-Q3,true
R00132,I00132,2026-Q2,true
R00133,I00133,2025-Q3,true
R00134,I00134,2025-Q3,true
R00135,I00135,2026-Q2,true
R00136,I00136,2025-Q2,true
R00137,I00137,2026-Q3,true
R00138,I00138,2025-Q2,true
R00139,I00139,2025-Q2,false
R00140,I00140,2026-Q2,true
R00141,I00141,2025-Q3,false
R00142,I00142,2026-Q1,true
R00143,I00143,2025-Q3,true
R00144,I00144,2026-Q2,true
R00145,I00145,2025-Q4,true
R00146,I00146,2026-Q2,false
R00147,I00147,2025-Q2,true
R00148,I00148,2025-Q2,true
R00149,I00149,2025-Q4,false
R00150,I00150,2026-Q2,true
R00151,I00151,2025-Q4,true
R00152,I00152,2026-Q3,false
R00153,I00153,2026-Q1,false
R00154,I00154,2025-Q2,true
R00155,I00155,2025-Q2,true
R00156,I00156,2025-Q3,true
R00157,I00157,2025-Q2,true
R00158,I00158,2025-Q2,true
R00159,I00159,2026-Q1,true
R00160,I00160,2025-Q4,true
R00161,I00161,2026-Q2,false
R00162,I00162,2026-Q2,true
R00163,I00163,2025-Q4,true
R00164,I00164,2025-Q3,true
R00165,I00165,2026-Q1,true
R00166,I00166,2026-Q2,true
R00167,I00167,2026-Q1,true
R00168,I00168,2026-Q2,true
R00169,I00169,2025-Q2,true
R00170,I00170,2025-Q3,false
R00171,I00171,2025-Q3,true
R00172,I00172,2025-Q3,false
R00173,I00173,2025-Q4,true
R00174,I00174,2026-Q1,false
R00175,I00175,2026-Q1,true
R00176,I00176,2025-Q3,true
R00177,I00177,2025-Q2,false
R00178,I00178,2026-Q1,true
R00179,I00179,2026-Q1,false
R00180,I00180,2026-Q2,true
R00181,I00181,2025-Q3,false
R00182,I00182,2026-Q2,false
R00183,I00183,2025-Q2,true
R00184,I00184,2025-Q2,true
R00185,I00185,2025-Q4,true
R00186,I00186,2026-Q1,true
R00187,I00187,2026-Q1,true
R00188,I00188,2026-Q2,true
R00189,I00189,2026-Q3,false
R00190,I00190,2026-Q3,true
R00191,I00191,2026-Q3,true
R00192,I00192,2025-Q3,true
R00193,I00193,2025-Q4,true
R00194,I00194,2025-Q2,true
R00195,I00195,2026-Q2,true
R00196,I00196,2025-Q4,true
R00197,I00197,2025-Q4,true
R00198,I00198,2025-Q4,true
R00199,I00199,2025-Q4,true
R00200,I00200,2026-Q1,true
R00201,I00201,2026-Q1,true
R00202,I00202,2025-Q4,true
R00203,I00203,2025-Q4,true
R00204,I00204,2025-Q4,true
R00205,I00205,2025-Q3,false
R00206,I00206,2026-Q3,true
R00207,I00207,2025-Q4,true
R00208,I00208,2026-Q2,false
R00209,I00209,2025-Q2,false
R00210,I00210,2026-Q3,true
R00211,I00211,2026-Q2,true
R00212,I00212,2025-Q2,true
R00213,I00213,2025-Q2,true
R00214,I00214,2026-Q2,true
R00215,I00215,2025-Q4,true
R00216,I00216,2025-Q4,true
R00217,I00217,2026-Q2,true
R00218,I00218,2026-Q2,true
R00219,I00219,2026-Q3,true
R00220,I00220,2026-Q2,true
R00221,I00221,2025-Q4,false
R00222,I00222,2026-Q2,true
R00223,I00223,2025-Q3,false
R00224,I00224,2026-Q3,true
R00225,I00225,2026-Q2,false
R00226,I00226,2025-Q4,false
R00227,I00227,2025-Q4,false
R00228,I00228,2025-Q3,true
R00229,I00229,2025-Q4,true
R00230,I00230,2026-Q1,true
R00231,I00231,2025-Q3,true
R00232,I00232,2025-Q3,true
R00233,I00233,2026-Q3,true
R00234,I00234,2026-Q2,true
R00235,I00235,2025-Q2,false
R00236,I00236,2026-Q1,true
R00237,I00237,2025-Q4,true
R00238,I00238,2025-Q3,false
R00239,I00239,2025-Q2,true
R00240,I00240,2025-Q2,false
R00241,I00241,2026-Q2,true
R00242,I00242,2026-Q3,true
R00243,I00243,2025-Q4,true
R00244,I00244,2026-Q1,true
R00245,I00245,2025-Q4,true
R00246,I00246,2025-Q2,true
R00247,I00247,2026-Q3,true
R00248,I00248,2026-Q1,true
R00249,I00249,2025-Q2,true
R00250,I00250,2025-Q3,false
R00251,I00251,2026-Q3,true
R00252,I00252,2026-Q2,true
R00253,I00253,2025-Q2,false
R00254,I00254,2025-Q4,true
R00255,I00255,2025-Q4,true
R00256,I00256,2026-Q1,true
R00257,I00257,2025-Q4,true
R00258,I00258,2025-Q3,true
R00259,I00259,2026-Q2,true
R00260,I00260,2026-Q2,true
R00261,I00261,2025-Q2,true
R00262,I00262,2026-Q1,true
R00263,I00263,2025-Q4,true
R00264,I00264,2025-Q3,true
R00265,I00265,2026-Q4,true
R00266,I00266,2026-Q1,true
R00267,I00267,2026-Q2,true
R00268,I00268,2025-Q3,true
R00269,I00269,2025-Q2,true
R00270,I00270,2025-Q2,true
R00271,I00271,2026-Q2,true
R00272,I00272,2025-Q4,true
R00273,I00273,2025-Q2,true
R00274,I00274,2025-Q3,true
R00275,I00275,2025-Q4,true
R00276,I00276,2025-Q2,true
R00277,I00277,2025-Q2,true
R00278,I00278,2026-Q2,true
R00279,I00279,2025-Q3,true
R00280,I00280,2025-Q4,false
R00281,I00281,2025-Q3,true
R00282,I00282,2026-Q1,false
R00283,I00283,2026-Q3,true
R00284,I00284,2025-Q3,true
R00285,I00285,2025-Q2,true
R00286,I00286,2025-Q4,true
R00287,I00287,2026-Q2,true
R00288,I00288,2026-Q1,true
R00289,I00289,2026-Q2,true
R00290,I00290,2026-Q1,true
R00291,I00291,2025-Q3,true
R00292,I00292,2026-Q1,true
R00293,I00293,2026-Q1,false
R00294,I00294,2026-Q3,true
R00295,I00295,2026-Q1,false
R00296,I00296,2026-Q2,true
R00297,I00297,2026-Q2,true
R00298,I00298,2025-Q4,true
R00299,I00299,2025-Q3,true
R00300,I00300,2025-Q4,true
R00301,I00301,2025-Q4,false
R00302,I00302,2025-Q4,true
R00303,I00303,2026-Q1,true
R00304,I00304,2025-Q2,true
R00305,I00305,2025-Q3,true
R00306,I00306,2026-Q3,true
R00307,I00307,2025-Q3,true
R00308,I00308,2025-Q2,true
R00309,I00309,2025-Q4,true
R00310,I00310,2025-Q3,true
R00311,I00311,2025-Q2,true
R00312,I00312,2026-Q1,false
R00313,I00313,2026-Q3,true
R00314,I00314,2025-Q2,true
R00315,I00315,2026-Q1,true
R00316,I00316,2025-Q4,true
R00317,I00317,2025-Q4,false
R00318,I00318,2026-Q2,true
R00319,I00319,2026-Q3,true
R00320,I00320,2026-Q3,true
R00321,I00321,2026-Q1,false
R00322,I00322,2026-Q2,false
R00323,I00323,2025-Q3,false
R00324,I00324,2025-Q3,true
R00325,I00325,2025-Q2,true
R00326,I00326,2025-Q4,true
R00327,I00327,2025-Q2,true
R00328,I00328,2025-Q4,true
R00329,I00329,2026-Q1,true
R00330,I00330,2026-Q2,true
R00331,I00331,2026-Q1,false
R00332,I00332,2025-Q4,true
R00333,I00333,2026-Q1,true
R00334,I00334,2026-Q2,false
R00335,I00335,2025-Q2,false
R00336,I00336,2026-Q3,true
R00337,I00337,2025-Q2,true
R00338,I00338,2025-Q4,false
R00339,I00339,2026-Q1,false
R00340,I00340,2026-Q3,true
R00341,I00341,2025-Q2,true
R00342,I00342,2026-Q3,true
R00343,I00343,2025-Q2,false
R00344,I00344,2025-Q3,true
R00345,I00345,2025-Q3,false
R00346,I00346,2026-Q3,true
R00347,I00347,2026-Q3,true
R00348,I00348,2026-Q2,false
R00349,I00349,2025-Q4,true
R00350,I00350,2026-Q2,false
R00351,I00351,2025-Q3,true
R00352,I00352,2025-Q2,true
R00353,I00353,2025-Q3,true
R00354,I00354,2025-Q3,true
R00355,I00355,2026-Q2,true
R00356,I00356,2025-Q2,true
R00357,I00357,2026-Q2,true
R00358,I00358,2026-Q1,false
R00359,I00359,2026-Q2,true
R00360,I00360,2025-Q2,true
R00361,I00361,2025-Q4,false
R00362,I00362,2026-Q2,true
R00363,I00363,2025-Q4,true
R00364,I00364,2026-Q2,true
R00365,I00365,2026-Q1,true
R00366,I00366,2025-Q4,true
R00367,I00367,2025-Q3,true
R00368,I00368,2026-Q2,true
R00369,I00369,2026-Q2,false
R00370,I00370,2026-Q2,true
R00371,I00371,2025-Q4,true
R00372,I00372,2025-Q3,true
R00373,I00373,2025-Q4,false
R00374,I00374,2026-Q1,true
R00375,I00375,2025-Q4,true
R00376,I00376,2025-Q3,true
R00377,I00377,2025-Q2,true
R00378,I00378,2026-Q2,true
R00379,I00379,2025-Q4,true
R00380,I00380,2026-Q2,false
R00381,I00381,2026-Q1,true
R00382,I00382,2025-Q4,true
R00383,I00383,2026-Q1,false
R00384,I00384,2025-Q4,true
R00385,I00385,2025-Q4,true
R00386,I00386,2026-Q2,true
R00387,I00387,2025-Q2,true
R00388,I00388,2025-Q4,true
R00389,I00389,2026-Q2,true
R00390,I00390,2025-Q3,true
R00391,I00391,2026-Q1,true
R00392,I00392,2025-Q2,true
R00393,I00393,2025-Q2,true
R00394,I00394,2025-Q4,true
R00395,I00395,2026-Q3,true
R00396,I00396,2026-Q3,true
R00397,I00397,2025-Q3,false
R00398,I00398,2025-Q2,true
R00399,I00399,2025-Q3,true
R00400,I00400,2026-Q2,true
R00401,I00401,2026-Q1,true
R00402,I00402,2026-Q1,true
R00403,I00403,2025-Q3,true
R00404,I00404,2026-Q3,true
R00405,I00405,2025-Q3,true
R00406,I00406,2026-Q3,true
R00407,I00407,2026-Q1,false
R00408,I00408,2025-Q2,true
R00409,I00409,2025-Q1,true
R00410,I00410,2025-Q3,false
R00411,I00411,2026-Q1,false
R00412,I00412,2025-Q3,true
R00413,I00413,2026-Q3,true
R00414,I00414,2025-Q3,true
R00415,I00415,2026-Q2,true
R00416,I00416,2025-Q4,true
R00417,I00417,2025-Q4,true
R00418,I00418,2025-Q3,true
R00419,I00419,2025-Q2,true
R00420,I00420,2026-Q3,false
R00421,I00421,2025-Q2,true
R00422,I00422,2026-Q3,true
R00423,I00423,2025-Q3,true
R00424,I00424,2025-Q4,false
R00425,I00425,2025-Q2,false
R00426,I00426,2026-Q2,true
R00427,I00427,2025-Q3,true
R00428,I00428,2025-Q3,true
R00429,I00429,2025-Q3,true
R00430,I00430,2026-Q2,false
R00431,I00431,2025-Q3,true
R00432,I00432,2025-Q3,true
R00433,I00433,2026-Q2,true
R00434,I00434,2026-Q1,true
R00435,I00435,2026-Q3,true
R00436,I00436,2026-Q1,true
R00437,I00437,2025-Q2,true
R00438,I00438,2025-Q3,true
R00439,I00439,2025-Q3,true
R00440,I00440,2025-Q3,true
R00441,I00441,2026-Q1,true
R00442,I00442,2025-Q3,false
R00443,I00443,2026-Q2,true
R00444,I00444,2025-Q4,true
R00445,I00445,2025-Q3,true
R00446,I00446,2026-Q1,true
R00447,I00447,2026-Q1,true
R00448,I00448,2025-Q2,true
R00449,I00449,2026-Q1,true
R00450,I00450,2026-Q2,true
R00451,I00451,2025-Q3,true
R00452,I00452,2025-Q4,true
R00453,I00453,2025-Q3,true
R00454,I00454,2026-Q1,true
R00455,I00455,2025-Q3,true
R00456,I00456,2026-Q3,true
R00457,I00457,2025-Q2,false
R00458,I00458,2025-Q2,true
R00459,I00459,2025-Q2,true
R00460,I00460,2026-Q1,false
R00461,I00461,2026-Q1,true
R00462,I00462,2025-Q2,true
R00463,I00463,2026-Q2,true
R00464,I00464,2026-Q2,true
R00465,I00465,2026-Q3,true
R00466,I00466,2025-Q3,true
R00467,I00467,2026-Q1,true
R00468,I00468,2026-Q2,true
R00469,I00469,2026-Q2,true
R00470,I00470,2025-Q4,true
R00471,I00471,2026-Q1,false
R00472,I00472,2026-Q2,false
R00473,I00473,2026-Q1,true
R00474,I00474,2026-Q3,true
R00475,I00475,2025-Q4,true
R00476,I00476,2025-Q2,true
R00477,I00477,2026-Q3,true
R00478,I00478,2025-Q3,false
R00479,I00479,2025-Q3,true
R00480,I00480,2025-Q2,true
R00481,I00481,2026-Q1,false
R00482,I00482,2026-Q2,true
R00483,I00483,2025-Q2,true
R00484,I00484,2025-Q4,true
R00485,I00485,2025-Q3,true
R00486,I00486,2026-Q2,false
R00487,I00487,2025-Q2,true
R00488,I00488,2025-Q4,true
R00489,I00489,2026-Q3,false
R00490,I00490,2025-Q3,true
R00491,I00491,2026-Q1,true
R00492,I00492,2026-Q3,true
R00493,I00493,2026-Q1,true
R00494,I00494,2026-Q1,true
R00495,I00495,2026-Q2,false
R00496,I00496,2026-Q1,true
R00497,I00497,2026-Q1,false
R00498,I00498,2025-Q4,false
R00499,I00499,2025-Q2,true
R00500,I00500,2025-Q2,true
R00501,I00501,2025-Q3,true
R00502,I00502,2026-Q1,true
R00503,I00503,2026-Q2,true
R00504,I00504,2026-Q1,false
R00505,I00505,2026-Q3,true
R00506,I00506,2025-Q3,true
R00507,I00507,2026-Q1,true
R00508,I00508,2025-Q4,true
R00509,I00509,2026-Q1,false
R00510,I00510,2026-Q1,true
R00511,I00511,2026-Q2,false
R00512,I00512,2025-Q3,false
R00513,I00513,2026-Q1,true
R00514,I00514,2025-Q3,true
R00515,I00515,2025-Q3,false
R00516,I00516,2025-Q3,false
R00517,I00517,2026-Q1,true
R00518,I00518,2025-Q2,true
R00519,I00519,2025-Q4,false
R00520,I00520,2026-Q3,true
R00521,I00521,2026-Q2,false
R00522,I00522,2026-Q2,false
R00523,I00523,2025-Q4,true
R00524,I00524,2026-Q3,false
R00525,I00525,2025-Q4,true
R00526,I00526,2026-Q1,true
R00527,I00527,2026-Q1,true
R00528,I00528,2025-Q3,false
R00529,I00529,2025-Q3,true
R00530,I00530,2026-Q3,true
R00531,I00531,2026-Q3,true
R00532,I00532,2026-Q3,false
R00533,I00533,2025-Q2,true
R00534,I00534,2026-Q2,true
R00535,I00535,2026-Q1,true
R00536,I00536,2025-Q2,true
R00537,I00537,2026-Q2,true
R00538,I00538,2025-Q3,true
R00539,I00539,2026-Q1,true
R00540,I00540,2025-Q3,true
R00541,I00541,2026-Q3,true
R00542,I00542,2026-Q1,true
R00543,I00543,2025-Q4,true
R00544,I00544,2025-Q4,true
R00545,I00545,2025-Q2,true
R00546,I00546,2026-Q1,true
R00547,I00547,2026-Q2,true
R00548,I00548,2026-Q3,true
R00549,I00549,2026-Q2,true
R00550,I00550,2026-Q1,true
R00551,I00551,2026-Q1,true
R00552,I00552,2026-Q1,false
R00553,I00553,2026-Q2,true
R00554,I00554,2026-Q1,false
R00555,I00555,2025-Q4,true
R00556,I00556,2025-Q2,true
R00557,I00557,2025-Q3,true
R00558,I00558,2026-Q2,false
R00559,I00559,2026-Q2,true
R00560,I00560,2026-Q2,true
R00561,I00561,2025-Q3,true
R00562,I00562,2025-Q3,true
R00563,I00563,2025-Q2,true
R00564,I00564,2025-Q4,true
R00565,I00565,2026-Q1,true
R00566,I00566,2026-Q2,true
R00567,I00567,2025-Q2,false
R00568,I00568,2025-Q2,true
R00569,I00569,2026-Q2,true
R00570,I00570,2025-Q4,true
R00571,I00571,2025-Q2,true
R00572,I00572,2026-Q1,false
R00573,I00573,2026-Q3,false
R00574,I00574,2025-Q3,true
R00575,I00575,2025-Q4,true
R00576,I00576,2025-Q3,true
R00577,I00577,2026-Q1,false
R00578,I00578,2025-Q2,true
R00579,I00579,2025-Q4,true
R00580,I00580,2025-Q2,true
R00581,I00581,2026-Q3,true
R00582,I00582,2026-Q3,false
R00583,I00583,2026-Q2,true
R00584,I00584,2026-Q2,true
R00585,I00585,2025-Q1,true
R00586,I00586,2025-Q3,true
R00587,I00587,2025-Q4,false
R00588,I00588,2026-Q2,false
R00589,I00589,2025-Q4,true
R00590,I00590,2026-Q1,true
R00591,I00591,2025-Q2,true
R00592,I00592,2025-Q3,true
R00593,I00593,2026-Q3,true
R00594,I00594,2026-Q3,true
R00595,I00595,2025-Q3,true
R00596,I00596,2026-Q2,true
R00597,I00597,2025-Q2,true
R00598,I00598,2026-Q1,true
R00599,I00599,2025-Q2,true
R00600,I00600,2025-Q3,false
R00601,I00601,2026-Q3,false
R00602,I00602,2025-Q2,false
R00603,I00603,2025-Q4,true
R00604,I00604,2026-Q3,true
R00605,I00605,2026-Q3,true
R00606,I00606,2026-Q2,true
R00607,I00607,2026-Q3,true
R00608,I00608,2026-Q2,false
R00609,I00609,2025-Q4,true
R00610,I00610,2026-Q2,true
R00611,I00611,2026-Q1,true
R00612,I00612,2025-Q2,false
R00613,I00613,2025-Q2,true
R00614,I00614,2025-Q4,true
R00615,I00615,2025-Q4,true
R00616,I00616,2026-Q1,true
R00617,I00617,2025-Q2,true
R00618,I00618,2025-Q4,true
R00619,I00619,2025-Q4,true
R00620,I00620,2025-Q2,true
R00621,I00621,2026-Q1,false
R00622,I00622,2025-Q2,true
R00623,I00623,2025-Q3,false
R00624,I00624,2025-Q2,true
R00625,I00625,2025-Q2,false
R00626,I00626,2025-Q4,false
R00627,I00627,2025-Q2,true
R00628,I00628,2026-Q2,true
R00629,I00629,2025-Q4,true
R00630,I00630,2025-Q3,true
R00631,I00631,2025-Q2,true
R00632,I00632,2026-Q3,true
R00633,I00633,2026-Q2,true
R00634,I00634,2026-Q1,true
R00635,I00635,2026-Q2,true
R00636,I00636,2025-Q4,true
R00637,I00637,2026-Q1,true
R00638,I00638,2025-Q4,true
R00639,I00639,2026-Q1,true
R00640,I00640,2026-Q1,true
R00641,I00641,2025-Q2,true
R00642,I00642,2025-Q4,true
R00643,I00643,2025-Q3,true
R00644,I00644,2025-Q4,true
R00645,I00645,2026-Q2,true
R00646,I00646,2026-Q1,false
R00647,I00647,2025-Q3,true
R00648,I00648,2026-Q2,true
R00649,I00649,2026-Q2,true
R00650,I00650,2025-Q4,true
R00651,I00651,2026-Q1,false
R00652,I00652,2026-Q1,true
R00653,I00653,2025-Q2,true
R00654,I00654,2025-Q4,true
R00655,I00655,2026-Q2,true
R00656,I00656,2026-Q1,true
R00657,I00657,2025-Q3,true
R00658,I00658,2025-Q3,false
R00659,I00659,2026-Q2,true
R00660,I00660,2026-Q1,true
R00661,I00661,2025-Q4,false
R00662,I00662,2025-Q3,true
R00663,I00663,2025-Q2,true
R00664,I00664,2025-Q3,true
R00665,I00665,2026-Q2,true
R00666,I00666,2026-Q3,true
R00667,I00667,2026-Q1,true
R00668,I00668,2026-Q2,false
R00669,I00669,2025-Q3,true
R00670,I00670,2025-Q2,false
R00671,I00671,2026-Q1,true
R00672,I00672,2026-Q3,false
R00673,I00673,2025-Q3,true
R00674,I00674,2025-Q2,true
R00675,I00675,2025-Q4,true
R00676,I00676,2025-Q4,true
R00677,I00677,2026-Q3,true
R00678,I00678,2026-Q1,false
R00679,I00679,2025-Q4,true
R00680,I00680,2025-Q3,true
R00681,I00681,2025-Q3,true
R00682,I00682,2026-Q1,false
R00683,I00683,2026-Q1,false
R00684,I00684,2025-Q3,true
R00685,I00685,2025-Q4,true
R00686,I00686,2026-Q1,true
R00687,I00687,2025-Q4,false
R00688,I00688,2025-Q3,true
R00689,I00689,2026-Q3,true
R00690,I00690,2026-Q1,true
R00691,I00691,2025-Q4,true
R00692,I00692,2026-Q1,true
R00693,I00693,2026-Q3,true
R00694,I00694,2025-Q4,true
R00695,I00695,2025-Q3,true
R00696,I00696,2026-Q2,true
R00697,I00697,2025-Q2,true
R00698,I00698,2026-Q2,false
R00699,I00699,2026-Q2,false
R00700,I00700,2026-Q3,true
R00701,I00701,2026-Q2,true
R00702,I00702,2025-Q4,false
R00703,I00703,2025-Q4,true
R00704,I00704,2026-Q1,true
R00705,I00705,2026-Q1,false
R00706,I00706,2026-Q4,true
R00707,I00707,2026-Q3,true
R00708,I00708,2026-Q2,true
R00709,I00709,2026-Q2,true
R00710,I00710,2025-Q2,true
R00711,I00711,2025-Q4,true
R00712,I00712,2025-Q4,false
R00713,I00713,2025-Q4,true
R00714,I00714,2026-Q1,true
R00715,I00715,2026-Q2,true
R00716,I00716,2026-Q2,true
R00717,I00717,2025-Q2,true
R00718,I00718,2026-Q3,true
R00719,I00719,2026-Q2,true
R00720,I00720,2025-Q3,true
R00721,I00721,2025-Q4,true
R00722,I00722,2025-Q3,true
R00723,I00723,2025-Q2,true
R00724,I00724,2026-Q1,true
R00725,I00725,2026-Q2,true
R00726,I00726,2025-Q2,false
R00727,I00727,2026-Q1,true
R00728,I00728,2026-Q1,false
R00729,I00729,2025-Q4,true
R00730,I00730,2026-Q1,true
R00731,I00731,2025-Q3,false
R00732,I00732,2026-Q1,false
R00733,I00733,2025-Q3,true
R00734,I00734,2026-Q3,false
R00735,I00735,2025-Q3,true
R00736,I00736,2026-Q1,true
R00737,I00737,2026-Q2,true
R00738,I00738,2025-Q2,true
R00739,I00739,2026-Q1,true
R00740,I00740,2026-Q3,true
R00741,I00741,2026-Q3,true
R00742,I00742,2026-Q1,true
R00743,I00743,2025-Q3,true
R00744,I00744,2026-Q1,true
R00745,I00745,2025-Q4,true
R00746,I00746,2025-Q2,false
R00747,I00747,2025-Q2,false
R00748,I00748,2026-Q2,true
R00749,I00749,2025-Q2,true
R00750,I00750,2026-Q3,true
R00751,I00751,2025-Q3,true
R00752,I00752,2026-Q3,true
R00753,I00753,2026-Q2,true
R00754,I00754,2026-Q1,true
R00755,I00755,2025-Q2,true
R00756,I00756,2025-Q3,true
R00757,I00757,2025-Q4,true
R00758,I00758,2026-Q3,true
R00759,I00759,2025-Q4,false
R00760,I00760,2026-Q3,true
R00761,I00761,2026-Q3,true
R00762,I00762,2026-Q2,true
R00763,I00763,2025-Q4,false
R00764,I00764,2025-Q2,false
R00765,I00765,2026-Q1,true
R00766,I00766,2025-Q2,true
R00767,I00767,2025-Q4,false
R00768,I00768,2025-Q3,true
R00769,I00769,2026-Q1,true
R00770,I00770,2025-Q2,true
R00771,I00771,2025-Q4,false
R00772,I00772,2026-Q3,true
R00773,I00773,2025-Q3,true
R00774,I00774,2025-Q3,true
R00775,I00775,2026-Q2,true
R00776,I00776,2026-Q1,true
R00777,I00777,2026-Q2,true
R00778,I00778,2025-Q4,true
R00779,I00779,2025-Q4,true
R00780,I00780,2025-Q4,false
R00781,I00781,2026-Q2,false
R00782,I00782,2025-Q2,true
R00783,I00783,2025-Q4,true
R00784,I00784,2025-Q4,true
R00785,I00785,2025-Q4,true
R00786,I00786,2025-Q3,true
R00787,I00787,2026-Q1,true
R00788,I00788,2025-Q4,true
R00789,I00789,2026-Q3,true
R00790,I00790,2026-Q2,false
R00791,I00791,2026-Q2,true
R00792,I00792,2026-Q2,false
R00793,I00793,2025-Q4,true
R00794,I00794,2025-Q2,true
R00795,I00795,2025-Q3,true
R00796,I00796,2026-Q2,true
R00797,I00797,2025-Q4,false
R00798,I00798,2026-Q3,false
R00799,I00799,2025-Q3,true
R00800,I00800,2026-Q3,false
R00801,I00801,2025-Q2,true
R00802,I00802,2026-Q2,true
R00803,I00803,2026-Q1,true
R00804,I00804,2025-Q3,true
R00805,I00805,2026-Q2,true
R00806,I00806,2025-Q2,true
R00807,I00807,2025-Q3,true
R00808,I00808,2025-Q2,false
R00809,I00809,2025-Q2,true
R00810,I00810,2025-Q3,true
R00811,I00811,2026-Q1,true
R00812,I00812,2026-Q1,false
R00813,I00813,2026-Q3,true
R00814,I00814,2026-Q1,true
R00815,I00815,2025-Q4,true
R00816,I00816,2025-Q3,true
R00817,I00817,2026-Q1,true
R00818,I00818,2026-Q2,true
R00819,I00819,2025-Q2,false
R00820,I00820,2025-Q2,true
R00821,I00821,2026-Q1,true
R00822,I00822,2026-Q3,true
R00823,I00823,2026-Q1,true
R00824,I00824,2025-Q3,true
R00825,I00825,2025-Q2,true
R00826,I00826,2026-Q2,true
R00827,I00827,2026-Q2,true
R00828,I00828,2026-Q3,true
R00829,I00829,2026-Q2,true
R00830,I00830,2026-Q1,true
R00831,I00831,2025-Q3,true
R00832,I00832,2026-Q2,true
R00833,I00833,2025-Q1,true
R00834,I00834,2026-Q2,true
R00835,I00835,2026-Q3,true
R00836,I00836,2025-Q2,true
R00837,I00837,2025-Q3,false
R00838,I00838,2025-Q2,true
R00839,I00839,2025-Q3,false
R00840,I00840,2026-Q2,true
R00841,I00841,2026-Q1,true
R00842,I00842,2025-Q4,true
R00843,I00843,2025-Q3,false
R00844,I00844,2025-Q4,true
R00845,I00845,2025-Q4,true
R00846,I00846,2026-Q1,true
R00847,I00847,2026-Q1,true
R00848,I00848,2026-Q3,true
R00849,I00849,2025-Q4,true
R00850,I00850,2025-Q2,true
R00851,I00851,2026-Q1,true
R00852,I00852,2025-Q4,true
R00853,I00853,2026-Q3,true
R00854,I00854,2026-Q3,true
R00855,I00855,2026-Q2,true
R00856,I00856,2025-Q2,false
R00857,I00857,2026-Q2,true
R00858,I00858,2025-Q2,true
R00859,I00859,2026-Q1,true
R00860,I00860,2025-Q2,true
R00861,I00861,2026-Q2,false
R00862,I00862,2025-Q4,false
R00863,I00863,2026-Q1,true
R00864,I00864,2025-Q3,true
R00865,I00865,2025-Q4,true
R00866,I00866,2026-Q3,true
R00867,I00867,2025-Q4,true
R00868,I00868,2025-Q3,true
R00869,I00869,2026-Q1,true
R00870,I00870,2025-Q2,false
R00871,I00871,2026-Q1,true
R00872,I00872,2026-Q1,true
R00873,I00873,2025-Q4,true
R00874,I00874,2026-Q3,true
R00875,I00875,2025-Q2,false
R00876,I00876,2025-Q4,true
R00877,I00877,2026-Q1,false
R00878,I00878,2025-Q3,true
R00879,I00879,2026-Q2,true
R00880,I00880,2026-Q3,true
R00881,I00881,2025-Q2,true
R00882,I00882,2025-Q2,true
R00883,I00883,2025-Q2,true
R00884,I00884,2025-Q3,true
R00885,I00885,2025-Q4,true
R00886,I00886,2025-Q3,true
R00887,I00887,2025-Q3,true
R00888,I00888,2026-Q2,true
R00889,I00889,2025-Q3,true
R00890,I00890,2026-Q2,true
R00891,I00891,2025-Q4,true
R00892,I00892,2026-Q2,true
R00893,I00893,2025-Q2,true
R00894,I00894,2026-Q1,true
R00895,I00895,2026-Q2,false
R00896,I00896,2026-Q3,true
R00897,I00897,2025-Q3,true
R00898,I00898,2026-Q2,true
R00899,I00899,2025-Q3,false
R00900,I00900,2026-Q1,false
R00901,I00901,2026-Q1,false
R00902,I00902,2025-Q3,true
R00903,I00903,2026-Q1,true
R00904,I00904,2026-Q3,true
R00905,I00905,2025-Q4,true
R00906,I00906,2025-Q3,true
R00907,I00907,2026-Q3,true
R00908,I00908,2026-Q3,false
R00909,I00909,2025-Q4,true
R00910,I00910,2026-Q3,true
R00911,I00911,2026-Q3,false
R00912,I00912,2026-Q2,false
R00913,I00913,2026-Q2,true
R00914,I00914,2026-Q1,true
R00915,I00915,2025-Q2,false
R00916,I00916,2026-Q1,false
R00917,I00917,2026-Q1,true
R00918,I00918,2026-Q3,true
R00919,I00919,2025-Q3,true
R00920,I00920,2025-Q4,true
R00921,I00921,2025-Q4,true
R00922,I00922,2026-Q3,true
R00923,I00923,2026-Q1,true
R00924,I00924,2025-Q3,true
R00925,I00925,2026-Q1,true
R00926,I00926,2025-Q3,true
R00927,I00927,2026-Q3,true
R00928,I00928,2026-Q2,false
R00929,I00929,2025-Q1,true
R00930,I00930,2026-Q3,true
R00931,I00931,2026-Q3,true
R00932,I00932,2025-Q2,true
R00933,I00933,2026-Q1,true
R00934,I00934,2026-Q2,true
R00935,I00935,2025-Q4,true
R00936,I00936,2025-Q4,false
R00937,I00937,2026-Q3,true
R00938,I00938,2025-Q2,true
R00939,I00939,2025-Q2,true
R00940,I00940,2026-Q2,true
R00941,I00941,2025-Q4,true
R00942,I00942,2026-Q3,true
R00943,I00943,2025-Q3,true
R00944,I00944,2025-Q4,true
R00945,I00945,2026-Q3,true
R00946,I00946,2026-Q1,false
R00947,I00947,2026-Q1,true
R00948,I00948,2026-Q3,true
R00949,I00949,2026-Q3,false
R00950,I00950,2026-Q1,true
R00951,I00951,2025-Q2,true
R00952,I00952,2026-Q1,true
R00953,I00953,2025-Q1,true
R00954,I00954,2025-Q4,true
R00955,I00955,2026-Q2,true
R00956,I00956,2025-Q3,true
R00957,I00957,2026-Q1,false
R00958,I00958,2025-Q2,true
R00959,I00959,2026-Q2,true
R00960,I00960,2026-Q3,true
R00961,I00961,2025-Q3,false
R00962,I00962,2026-Q1,true
R00963,I00963,2026-Q2,true
R00964,I00964,2025-Q3,false
R00965,I00965,2026-Q2,false
R00966,I00966,2026-Q2,true
R00967,I00967,2025-Q4,false
R00968,I00968,2025-Q4,true
R00969,I00969,2025-Q3,false
R00970,I00970,2026-Q3,false
R00971,I00971,2025-Q3,true
R00972,I00972,2026-Q1,true
R00973,I00973,2026-Q2,false
R00974,I00974,2025-Q2,true
R00975,I00975,2026-Q3,false
R00976,I00976,2025-Q4,true
R00977,I00977,2025-Q3,true
R00978,I00978,2025-Q4,true
R00979,I00979,2026-Q3,true
R00980,I00980,2026-Q1,true
R00981,I00981,2026-Q1,true
R00982,I00982,2025-Q2,true
R00983,I00983,2026-Q2,false
R00984,I00984,2026-Q1,false
R00985,I00985,2025-Q3,true
R00986,I00986,2025-Q3,true
R00987,I00987,2026-Q3,true
R00988,I00988,2026-Q2,true
R00989,I00989,2025-Q2,false
R00990,I00990,2026-Q1,true
R00991,I00991,2026-Q1,true
R00992,I00992,2026-Q2,true
R00993,I00993,2026-Q2,true
R00994,I00994,2025-Q4,true
R00995,I00995,2026-Q3,false
R00996,I00996,2025-Q3,true
R00997,I00997,2025-Q2,false
R00998,I00998,2025-Q3,true
R00999,I00999,2026-Q2,false
R01000,I01000,2026-Q2,true
R01001,I01001,2025-Q3,true
R01002,I01002,2025-Q2,true
R01003,I01003,2026-Q2,false
R01004,I01004,2025-Q4,true
R01005,I01005,2026-Q2,true
R01006,I01006,2026-Q2,true
R01007,I01007,2026-Q1,true
R01008,I01008,2025-Q3,true
R01009,I01009,2026-Q1,true
R01010,I01010,2025-Q2,true
R01011,I01011,2025-Q3,true
R01012,I01012,2026-Q2,false
R01013,I01013,2026-Q3,true
R01014,I01014,2026-Q2,false
R01015,I01015,2026-Q2,true
R01016,I01016,2026-Q2,true
R01017,I01017,2026-Q2,false
R01018,I01018,2025-Q4,true
R01019,I01019,2025-Q3,true
R01020,I01020,2026-Q2,true
R01021,I01021,2026-Q1,true
R01022,I01022,2025-Q4,true
R01023,I01023,2026-Q3,true
R01024,I01024,2025-Q4,true
R01025,I01025,2026-Q1,false
R01026,I01026,2026-Q1,true
R01027,I01027,2026-Q3,false
R01028,I01028,2026-Q1,false
R01029,I01029,2025-Q1,false
R01030,I01030,2026-Q3,true
R01031,I01031,2025-Q3,true
R01032,I01032,2026-Q1,true
R01033,I01033,2025-Q3,true
R01034,I01034,2026-Q3,true
R01035,I01035,2026-Q3,true
R01036,I01036,2026-Q1,true
R01037,I01037,2026-Q1,false
R01038,I01038,2025-Q2,true
R01039,I01039,2026-Q1,true
R01040,I01040,2025-Q4,false
R01041,I01041,2025-Q2,true
R01042,I01042,2025-Q2,false
R01043,I01043,2026-Q3,true
R01044,I01044,2026-Q2,true
R01045,I01045,2026-Q1,true
R01046,I01046,2026-Q2,true
R01047,I01047,2026-Q3,true
R01048,I01048,2026-Q1,true
R01049,I01049,2026-Q3,true
R01050,I01050,2026-Q3,false
R01051,I01051,2026-Q3,true
R01052,I01052,2025-Q2,false
R01053,I01053,2026-Q1,true
R01054,I01054,2026-Q3,true
R01055,I01055,2026-Q3,true
R01056,I01056,2025-Q4,false
R01057,I01057,2026-Q2,true
R01058,I01058,2025-Q2,false
R01059,I01059,2025-Q3,false
R01060,I01060,2026-Q1,false
R01061,I01061,2026-Q2,true
R01062,I01062,2025-Q4,true
R01063,I01063,2025-Q4,true
R01064,I01064,2025-Q4,false
R01065,I01065,2026-Q2,true
R01066,I01066,2025-Q1,true
R01067,I01067,2025-Q4,true
R01068,I01068,2026-Q3,false
R01069,I01069,2025-Q3,false
R01070,I01070,2025-Q2,true
R01071,I01071,2025-Q3,true
R01072,I01072,2026-Q2,true
R01073,I01073,2026-Q1,false
R01074,I01074,2026-Q1,true
R01075,I01075,2025-Q2,true
R01076,I01076,2026-Q2,false
R01077,I01077,2025-Q2,false
R01078,I01078,2026-Q2,true
R01079,I01079,2026-Q3,true
R01080,I01080,2026-Q2,true
R01081,I01081,2025-Q4,false
R01082,I01082,2025-Q2,true
R01083,I01083,2026-Q2,false
R01084,I01084,2025-Q2,true
R01085,I01085,2025-Q2,true
R01086,I01086,2025-Q3,true
R01087,I01087,2026-Q1,true
R01088,I01088,2025-Q4,true
R01089,I01089,2025-Q3,true
R01090,I01090,2025-Q2,false
R01091,I01091,2026-Q1,true
R01092,I01092,2025-Q3,true
R01093,I01093,2026-Q2,false
R01094,I01094,2025-Q3,true
R01095,I01095,2026-Q2,true
R01096,I01096,2025-Q4,true
R01097,I01097,2025-Q4,true
R01098,I01098,2026-Q1,false
R01099,I01099,2025-Q3,true
R01100,I01100,2025-Q4,false
R01101,I01101,2026-Q3,true
R01102,I01102,2025-Q2,true
R01103,I01103,2025-Q3,true
R01104,I01104,2025-Q4,false
R01105,I01105,2026-Q2,true
R01106,I01106,2025-Q2,false
R01107,I01107,2026-Q2,false
R01108,I01108,2026-Q2,true
R01109,I01109,2025-Q4,true
R01110,I01110,2026-Q1,true
R01111,I01111,2025-Q3,true
R01112,I01112,2025-Q4,true
R01113,I01113,2026-Q2,true
R01114,I01114,2026-Q2,true
R01115,I01115,2025-Q2,true
R01116,I01116,2026-Q2,true
R01117,I01117,2026-Q2,false
R01118,I01118,2025-Q4,true
R01119,I01119,2025-Q2,true
R01120,I01120,2025-Q4,true
R01121,I01121,2025-Q2,true
R01122,I01122,2025-Q4,true
R01123,I01123,2025-Q3,true
R01124,I01124,2025-Q4,false
R01125,I01125,2025-Q3,true
R01126,I01126,2026-Q2,true
R01127,I01127,2026-Q3,true
R01128,I01128,2025-Q2,true
R01129,I01129,2026-Q3,false
R01130,I01130,2025-Q3,true
R01131,I01131,2025-Q2,true
R01132,I01132,2025-Q3,true
R01133,I01133,2026-Q2,true
R01134,I01134,2025-Q2,true
R01135,I01135,2025-Q3,true
R01136,I01136,2026-Q3,true
R01137,I01137,2026-Q1,true
R01138,I01138,2026-Q2,false
R01139,I01139,2026-Q2,true
R01140,I01140,2026-Q1,true
R01141,I01141,2026-Q1,false
R01142,I01142,2026-Q2,false
R01143,I01143,2025-Q4,false
R01144,I01144,2025-Q2,true
R01145,I01145,2025-Q4,true
R01146,I01146,2025-Q3,true
R01147,I01147,2025-Q3,false
R01148,I01148,2025-Q2,true
R01149,I01149,2025-Q3,true
R01150,I01150,2026-Q1,false
R01151,I01151,2025-Q4,true
R01152,I01152,2025-Q4,true
R01153,I01153,2025-Q2,true
R01154,I01154,2026-Q3,true
R01155,I01155,2025-Q4,true
R01156,I01156,2025-Q3,true
R01157,I01157,2025-Q4,true
R01158,I01158,2025-Q4,true
R01159,I01159,2025-Q3,true
R01160,I01160,2026-Q3,true
R01161,I01161,2025-Q4,false
R01162,I01162,2025-Q4,true
R01163,I01163,2025-Q3,true
R01164,I01164,2025-Q2,true
R01165,I01165,2026-Q2,true
R01166,I01166,2025-Q2,true
R01167,I01167,2025-Q2,true
R01168,I01168,2026-Q3,true
R01169,I01169,2025-Q2,true
R01170,I01170,2026-Q2,true
R01171,I01171,2025-Q4,true
R01172,I01172,2025-Q4,false
R01173,I01173,2025-Q2,true
R01174,I01174,2026-Q3,true
R01175,I01175,2025-Q3,true
R01176,I01176,2025-Q4,true
R01177,I01177,2026-Q1,true
R01178,I01178,2026-Q2,true
R01179,I01179,2025-Q4,false
R01180,I01180,2026-Q1,true
R01181,I01181,2026-Q1,true
R01182,I01182,2026-Q2,false
R01183,I01183,2025-Q2,false
R01184,I01184,2026-Q1,true
R01185,I01185,2026-Q2,true
R01186,I01186,2026-Q2,true
R01187,I01187,2026-Q3,true
R01188,I01188,2026-Q1,true
R01189,I01189,2025-Q4,true
R01190,I01190,2026-Q1,true
R01191,I01191,2026-Q3,true
R01192,I01192,2025-Q2,true
R01193,I01193,2026-Q2,true
R01194,I01194,2026-Q3,true
R01195,I01195,2025-Q3,true
R01196,I01196,2025-Q3,true
R01197,I01197,2025-Q3,false
R01198,I01198,2026-Q2,true
R01199,I01199,2026-Q1,false
R01200,I01200,2026-Q2,true
R01201,I01201,2026-Q3,true
R01202,I01202,2025-Q4,false
R01203,I01203,2025-Q4,true
R01204,I01204,2026-Q3,true
R01205,I01205,2026-Q3,false
R01206,I01206,2025-Q2,true
R01207,I01207,2025-Q3,true
R01208,I01208,2025-Q4,true
R01209,I01209,2025-Q3,true
R01210,I01210,2025-Q3,false
R01211,I01211,2025-Q4,true
R01212,I01212,2026-Q1,true
R01213,I01213,2026-Q1,true
R01214,I01214,2026-Q2,false
R01215,I01215,2025-Q3,true
R01216,I01216,2025-Q3,false
R01217,I01217,2026-Q2,false
R01218,I01218,2025-Q4,true
R01219,I01219,2025-Q3,false
R01220,I01220,2026-Q3,true
R01221,I01221,2025-Q3,true
R01222,I01222,2025-Q3,true
R01223,I01223,2025-Q4,true
R01224,I01224,2025-Q4,true
R01225,I01225,2025-Q2,false
R01226,I01226,2025-Q4,true
R01227,I01227,2026-Q3,true
R01228,I01228,2025-Q3,true
R01229,I01229,2026-Q3,true
R01230,I01230,2026-Q3,true
R01231,I01231,2025-Q4,true
R01232,I01232,2026-Q2,true
R01233,I01233,2025-Q4,true
R01234,I01234,2025-Q4,false
R01235,I01235,2026-Q2,true
R01236,I01236,2026-Q1,true
R01237,I01237,2026-Q2,true
R01238,I01238,2025-Q2,true
R01239,I01239,2025-Q3,true
R01240,I01240,2026-Q2,true
R01241,I01241,2025-Q2,true
R01242,I01242,2025-Q2,true
R01243,I01243,2026-Q2,false
R01244,I01244,2026-Q2,true
R01245,I01245,2025-Q1,true
R01246,I01246,2025-Q2,true
R01247,I01247,2026-Q2,true
R01248,I01248,2026-Q2,true
R01249,I01249,2025-Q3,false
R01250,I01250,2025-Q4,true
R01251,I01251,2026-Q1,true
R01252,I01252,2026-Q3,false
R01253,I01253,2026-Q1,true
R01254,I01254,2025-Q3,true
R01255,I01255,2026-Q2,true
R01256,I01256,2025-Q4,true
R01257,I01257,2026-Q2,false
R01258,I01258,2025-Q3,true
R01259,I01259,2025-Q3,true
R01260,I01260,2025-Q2,true
R01261,I01261,2025-Q2,true
R01262,I01262,2026-Q2,true
R01263,I01263,2025-Q3,true
R01264,I01264,2026-Q2,true
R01265,I01265,2025-Q4,true
R01266,I01266,2025-Q2,true
R01267,I01267,2026-Q2,true
R01268,I01268,2025-Q3,true
R01269,I01269,2026-Q3,true
R01270,I01270,2025-Q3,true
R01271,I01271,2025-Q3,false
R01272,I01272,2025-Q2,true
R01273,I01273,2026-Q2,true
R01274,I01274,2025-Q3,false
R01275,I01275,2025-Q4,true
R01276,I01276,2026-Q1,true
R01277,I01277,2026-Q3,true
R01278,I01278,2025-Q4,true
R01279,I01279,2026-Q2,true
R01280,I01280,2026-Q2,true
R01281,I01281,2026-Q2,true
R01282,I01282,2026-Q1,false
R01283,I01283,2025-Q3,true
R01284,I01284,2026-Q1,true
R01285,I01285,2026-Q2,false
R01286,I01286,2026-Q2,true
R01287,I01287,2025-Q4,true
R01288,I01288,2026-Q1,true
R01289,I01289,2026-Q2,true
R01290,I01290,2025-Q3,true
R01291,I01291,2025-Q4,true
R01292,I01292,2025-Q4,true
R01293,I01293,2026-Q3,true
R01294,I01294,2026-Q1,false
R01295,I01295,2026-Q3,true
R01296,I01296,2026-Q2,true
R01297,I01297,2026-Q3,true
R01298,I01298,2026-Q1,true
R01299,I01299,2026-Q1,true
R01300,I01300,2026-Q1,true
R01301,I01301,2025-Q4,true
R01302,I01302,2026-Q1,true
R01303,I01303,2026-Q1,true
R01304,I01304,2026-Q3,true
R01305,I01305,2025-Q4,true
R01306,I01306,2026-Q3,true
R01307,I01307,2026-Q2,true
R01308,I01308,2025-Q4,false
R01309,I01309,2025-Q3,true
R01310,I01310,2025-Q4,true
R01311,I01311,2025-Q4,true
R01312,I01312,2026-Q2,true
R01313,I01313,2026-Q2,true
R01314,I01314,2025-Q2,false
R01315,I01315,2026-Q1,true
R01316,I01316,2026-Q2,true
R01317,I01317,2026-Q2,true
R01318,I01318,2026-Q1,true
R01319,I01319,2025-Q2,true
R01320,I01320,2026-Q1,true
R01321,I01321,2025-Q2,true
R01322,I01322,2025-Q3,true
R01323,I01323,2025-Q4,true
R01324,I01324,2026-Q2,true
R01325,I01325,2026-Q1,true
R01326,I01326,2026-Q2,true
R01327,I01327,2025-Q3,true
R01328,I01328,2025-Q3,false
R01329,I01329,2025-Q3,true
R01330,I01330,2026-Q2,true
R01331,I01331,2026-Q3,true
R01332,I01332,2026-Q2,true
R01333,I01333,2025-Q2,true
R01334,I01334,2025-Q3,true
R01335,I01335,2026-Q3,false
R01336,I01336,2025-Q3,false
R01337,I01337,2025-Q4,true
R01338,I01338,2025-Q3,true
R01339,I01339,2025-Q3,false
R01340,I01340,2026-Q2,true
R01341,I01341,2026-Q1,false
R01342,I01342,2026-Q1,true
R01343,I01343,2025-Q3,true
R01344,I01344,2025-Q2,true
R01345,I01345,2026-Q2,true
R01346,I01346,2026-Q1,true
R01347,I01347,2025-Q2,true
R01348,I01348,2025-Q2,true
R01349,I01349,2026-Q1,true
R01350,I01350,2026-Q1,false
R01351,I01351,2026-Q1,true
R01352,I01352,2026-Q3,true
R01353,I01353,2026-Q3,true
R01354,I01354,2026-Q2,true
R01355,I01355,2026-Q2,true
R01356,I01356,2025-Q2,false
R01357,I01357,2025-Q4,false
R01358,I01358,2026-Q2,false
R01359,I01359,2026-Q1,true
R01360,I01360,2026-Q2,true
R01361,I01361,2026-Q3,true
R01362,I01362,2026-Q2,false
R01363,I01363,2026-Q1,true
R01364,I01364,2026-Q1,true
R01365,I01365,2026-Q3,true
R01366,I01366,2026-Q3,false
R01367,I01367,2025-Q3,true
R01368,I01368,2026-Q1,true
R01369,I01369,2026-Q2,true
R01370,I01370,2026-Q2,true
R01371,I01371,2026-Q3,true
R01372,I01372,2026-Q1,true
R01373,I01373,2026-Q3,true
R01374,I01374,2026-Q1,true
R01375,I01375,2026-Q2,true
R01376,I01376,2026-Q3,true
R01377,I01377,2026-Q2,true
R01378,I01378,2026-Q1,false
R01379,I01379,2026-Q3,true
R01380,I01380,2026-Q1,true
R01381,I01381,2026-Q3,true
R01382,I01382,2025-Q4,true
R01383,I01383,2025-Q3,true
R01384,I01384,2026-Q1,false
R01385,I01385,2026-Q2,true
R01386,I01386,2026-Q2,true
R01387,I01387,2025-Q4,true
R01388,I01388,2026-Q2,true
R01389,I01389,2026-Q1,true
R01390,I01390,2025-Q3,true
R01391,I01391,2025-Q3,true
R01392,I01392,2026-Q1,false
R01393,I01393,2025-Q3,true
R01394,I01394,2026-Q1,true
R01395,I01395,2025-Q4,true
R01396,I01396,2026-Q1,false
R01397,I01397,2026-Q1,true
R01398,I01398,2026-Q3,true
R01399,I01399,2026-Q1,true
R01400,I01400,2026-Q1,true
R01401,I01401,2026-Q2,true
R01402,I01402,2025-Q2,true
R01403,I01403,2026-Q1,true
R01404,I01404,2025-Q2,false
R01405,I01405,2025-Q4,false
R01406,I01406,2025-Q4,true
R01407,I01407,2026-Q1,true
R01408,I01408,2026-Q1,true
R01409,I01409,2026-Q2,true
R01410,I01410,2026-Q1,true
R01411,I01411,2025-Q3,true
R01412,I01412,2026-Q2,false
R01413,I01413,2026-Q3,true
R01414,I01414,2026-Q1,true
R01415,I01415,2026-Q1,true
R01416,I01416,2025-Q4,true
R01417,I01417,2026-Q1,true
R01418,I01418,2026-Q1,true
R01419,I01419,2026-Q3,true
R01420,I01420,2025-Q2,true
R01421,I01421,2025-Q4,true
R01422,I01422,2026-Q2,true
R01423,I01423,2026-Q2,true
R01424,I01424,2026-Q2,true
R01425,I01425,2026-Q2,true
R01426,I01426,2025-Q4,true
R01427,I01427,2026-Q1,true
R01428,I01428,2025-Q2,true
R01429,I01429,2025-Q3,true
R01430,I01430,2026-Q2,true
R01431,I01431,2025-Q3,false
R01432,I01432,2025-Q3,true
R01433,I01433,2026-Q3,true
R01434,I01434,2026-Q3,true
R01435,I01435,2026-Q2,true
R01436,I01436,2026-Q3,true
R01437,I01437,2026-Q2,true
R01438,I01438,2025-Q3,false
R01439,I01439,2025-Q3,false
R01440,I01440,2025-Q4,true
R01441,I01441,2026-Q1,true
R01442,I01442,2026-Q2,false
R01443,I01443,2025-Q2,true
R01444,I01444,2025-Q4,true
R01445,I01445,2025-Q3,true
R01446,I01446,2025-Q3,true
R01447,I01447,2026-Q1,true
R01448,I01448,2025-Q2,true
R01449,I01449,2026-Q2,true
R01450,I01450,2026-Q2,true
R01451,I01451,2025-Q3,true
R01452,I01452,2026-Q3,true
R01453,I01453,2025-Q2,false
R01454,I01454,2025-Q2,true
R01455,I01455,2025-Q2,true
R01456,I01456,2025-Q2,false
R01457,I01457,2025-Q2,true
R01458,I01458,2025-Q1,true
R01459,I01459,2025-Q4,true
R01460,I01460,2026-Q1,true
R01461,I01461,2026-Q1,true
R01462,I01462,2026-Q2,true
R01463,I01463,2026-Q3,true
R01464,I01464,2026-Q2,true
R01465,I01465,2026-Q2,true
R01466,I01466,2026-Q1,false
R01467,I01467,2026-Q3,true
R01468,I01468,2026-Q3,true
R01469,I01469,2025-Q3,true
R01470,I01470,2025-Q4,true
R01471,I01471,2025-Q4,true
R01472,I01472,2026-Q2,true
R01473,I01473,2026-Q1,true
R01474,I01474,2026-Q2,true
R01475,I01475,2026-Q2,true
R01476,I01476,2026-Q2,false
R01477,I01477,2025-Q4,true
R01478,I01478,2025-Q4,false
R01479,I01479,2026-Q1,false
R01480,I01480,2026-Q1,true
R01481,I01481,2025-Q2,true
R01482,I01482,2025-Q4,true
R01483,I01483,2025-Q2,true
R01484,I01484,2025-Q2,false
R01485,I01485,2026-Q2,false
R01486,I01486,2026-Q1,true
R01487,I01487,2025-Q3,false
R01488,I01488,2026-Q1,true
R01489,I01489,2025-Q1,true
R01490,I01490,2026-Q1,true
R01491,I01491,2025-Q3,true
R01492,I01492,2025-Q4,true
R01493,I01493,2026-Q2,true
R01494,I01494,2026-Q2,true
R01495,I01495,2026-Q3,true
R01496,I01496,2025-Q1,true
R01497,I01497,2026-Q1,true
R01498,I01498,2026-Q3,true
R01499,I01499,2026-Q1,true
R01500,I01500,2025-Q2,true
R01501,I01501,2026-Q2,true
R01502,I01502,2025-Q3,true
R01503,I01503,2026-Q3,true
R01504,I01504,2025-Q3,true
R01505,I01505,2026-Q1,false
R01506,I01506,2026-Q1,true
R01507,I01507,2026-Q2,true
R01508,I01508,2026-Q2,true
R01509,I01509,2026-Q2,true
R01510,I01510,2026-Q2,true
R01511,I01511,2026-Q3,false
R01512,I01512,2026-Q2,true
R01513,I01513,2025-Q2,true
R01514,I01514,2025-Q2,true
R01515,I01515,2026-Q2,true
R01516,I01516,2026-Q2,false
R01517,I01517,2026-Q1,true
R01518,I01518,2026-Q1,true
R01519,I01519,2025-Q2,true
R01520,I01520,2026-Q1,true
R01521,I01521,2026-Q1,true
R01522,I01522,2025-Q4,true
R01523,I01523,2025-Q2,true
R01524,I01524,2025-Q3,true
R01525,I01525,2025-Q2,true
R01526,I01526,2026-Q1,false
R01527,I01527,2026-Q1,true
R01528,I01528,2025-Q4,false
R01529,I01529,2026-Q2,true
R01530,I01530,2026-Q1,false
R01531,I01531,2025-Q3,true
R01532,I01532,2025-Q4,true
R01533,I01533,2026-Q2,true
R01534,I01534,2026-Q3,true
R01535,I01535,2025-Q3,true
R01536,I01536,2026-Q2,true
R01537,I01537,2025-Q3,true
R01538,I01538,2026-Q3,true
R01539,I01539,2025-Q4,true
R01540,I01540,2025-Q4,false
R01541,I01541,2026-Q1,true
R01542,I01542,2026-Q2,true
R01543,I01543,2026-Q2,false
R01544,I01544,2026-Q1,false
R01545,I01545,2025-Q2,true
R01546,I01546,2026-Q2,false
R01547,I01547,2025-Q4,true
R01548,I01548,2025-Q3,true
R01549,I01549,2026-Q3,false
R01550,I01550,2026-Q1,true
R01551,I01551,2026-Q1,false
R01552,I01552,2026-Q2,false
R01553,I01553,2026-Q1,true
R01554,I01554,2025-Q2,true
R01555,I01555,2026-Q3,true
R01556,I01556,2025-Q2,true
R01557,I01557,2026-Q1,true
R01558,I01558,2026-Q2,true
R01559,I01559,2025-Q4,true
R01560,I01560,2025-Q1,true
R01561,I01561,2026-Q2,true
R01562,I01562,2025-Q2,true
R01563,I01563,2026-Q3,true
R01564,I01564,2026-Q2,false
R01565,I01565,2026-Q2,true
R01566,I01566,2025-Q4,true
R01567,I01567,2025-Q4,true
R01568,I01568,2025-Q4,true
R01569,I01569,2025-Q2,true
R01570,I01570,2026-Q2,true
R01571,I01571,2026-Q1,true
R01572,I01572,2026-Q1,true
R01573,I01573,2026-Q2,true
R01574,I01574,2026-Q3,true
R01575,I01575,2026-Q1,true
R01576,I01576,2025-Q4,false
R01577,I01577,2025-Q3,true
R01578,I01578,2025-Q2,false
R01579,I01579,2025-Q3,true
R01580,I01580,2025-Q4,true
R01581,I01581,2025-Q4,true
R01582,I01582,2026-Q1,true
R01583,I01583,2026-Q3,true
R01584,I01584,2025-Q2,true
R01585,I01585,2025-Q2,true
R01586,I01586,2025-Q3,false
R01587,I01587,2026-Q1,true
R01588,I01588,2026-Q1,true
R01589,I01589,2025-Q3,true
R01590,I01590,2026-Q1,true
R01591,I01591,2025-Q2,false
R01592,I01592,2026-Q3,true
R01593,I01593,2025-Q3,true
R01594,I01594,2025-Q3,true
R01595,I01595,2025-Q4,true
R01596,I01596,2025-Q2,true
R01597,I01597,2026-Q2,true
R01598,I01598,2026-Q1,true
R01599,I01599,2026-Q2,true
R01600,I01600,2026-Q2,true
R01601,I01601,2026-Q3,true
R01602,I01602,2025-Q3,false
R01603,I01603,2025-Q3,true
R01604,I01604,2025-Q3,true
R01605,I01605,2025-Q2,false
R01606,I01606,2025-Q3,true
R01607,I01607,2026-Q2,false
R01608,I01608,2025-Q4,true
R01609,I01609,2026-Q1,true
R01610,I01610,2025-Q2,true
R01611,I01611,2026-Q2,true
R01612,I01612,2026-Q2,true
R01613,I01613,2025-Q4,true
R01614,I01614,2026-Q2,true
R01615,I01615,2026-Q2,false
R01616,I01616,2025-Q2,true
R01617,I01617,2026-Q3,false
R01618,I01618,2026-Q2,true
R01619,I01619,2026-Q3,true
R01620,I01620,2025-Q4,true
R01621,I01621,2026-Q3,true
R01622,I01622,2025-Q3,true
R01623,I01623,2026-Q2,false
R01624,I01624,2025-Q4,true
R01625,I01625,2026-Q1,true
R01626,I01626,2025-Q4,true
R01627,I01627,2025-Q3,true
R01628,I01628,2026-Q1,true
R01629,I01629,2026-Q1,true
R01630,I01630,2025-Q3,false
R01631,I01631,2025-Q4,true
R01632,I01632,2026-Q3,true
R01633,I01633,2025-Q4,false
R01634,I01634,2025-Q4,false
R01635,I01635,2026-Q2,true
R01636,I01636,2026-Q1,true
R01637,I01637,2025-Q4,true
R01638,I01638,2025-Q3,true
R01639,I01639,2026-Q1,true
R01640,I01640,2026-Q3,true
R01641,I01641,2026-Q1,true
R01642,I01642,2026-Q3,true
R01643,I01643,2026-Q1,false
R01644,I01644,2026-Q1,true
R01645,I01645,2026-Q1,false
R01646,I01646,2025-Q4,false
R01647,I01647,2026-Q2,false
R01648,I01648,2025-Q4,true
R01649,I01649,2026-Q1,true
R01650,I01650,2025-Q4,true
R01651,I01651,2026-Q2,true
R01652,I01652,2025-Q3,true
R01653,I01653,2025-Q4,true
R01654,I01654,2026-Q1,false
R01655,I01655,2026-Q3,true
R01656,I01656,2026-Q2,false
R01657,I01657,2026-Q2,true
R01658,I01658,2025-Q2,true
R01659,I01659,2026-Q1,true
R01660,I01660,2026-Q3,true
R01661,I01661,2026-Q2,true
R01662,I01662,2025-Q3,false
R01663,I01663,2026-Q3,true
R01664,I01664,2025-Q2,true
R01665,I01665,2026-Q1,true
R01666,I01666,2026-Q3,false
R01667,I01667,2026-Q3,true
R01668,I01668,2025-Q3,true
R01669,I01669,2026-Q2,true
R01670,I01670,2026-Q1,false
R01671,I01671,2025-Q2,true
R01672,I01672,2025-Q2,false
R01673,I01673,2026-Q1,false
R01674,I01674,2026-Q2,true
R01675,I01675,2026-Q1,true
R01676,I01676,2025-Q4,true
R01677,I01677,2026-Q2,true
R01678,I01678,2026-Q1,true
R01679,I01679,2025-Q2,true
R01680,I01680,2026-Q1,false
R01681,I01681,2026-Q2,true
R01682,I01682,2026-Q2,true
R01683,I01683,2025-Q2,true
R01684,I01684,2025-Q2,true
R01685,I01685,2026-Q2,false
R01686,I01686,2025-Q2,true
R01687,I01687,2026-Q1,true
R01688,I01688,2025-Q4,true
R01689,I01689,2025-Q2,false
R01690,I01690,2026-Q2,true
R01691,I01691,2025-Q2,true
R01692,I01692,2025-Q3,true
R01693,I01693,2025-Q4,true
R01694,I01694,2026-Q2,true
R01695,I01695,2026-Q1,true
R01696,I01696,2026-Q2,true
R01697,I01697,2026-Q2,true
R01698,I01698,2025-Q4,true
R01699,I01699,2026-Q1,true
R01700,I01700,2025-Q2,false
R01701,I01701,2025-Q3,true
R01702,I01702,2026-Q1,true
R01703,I01703,2025-Q4,false
R01704,I01704,2025-Q2,true
R01705,I01705,2025-Q2,false
R01706,I01706,2026-Q3,false
R01707,I01707,2025-Q3,true
R01708,I01708,2026-Q2,true
R01709,I01709,2026-Q1,false
R01710,I01710,2025-Q3,true
R01711,I01711,2025-Q4,true
R01712,I01712,2025-Q2,true
R01713,I01713,2026-Q1,true
R01714,I01714,2025-Q2,true
R01715,I01715,2025-Q4,true
R01716,I01716,2026-Q3,false
R01717,I01717,2026-Q1,true
R01718,I01718,2025-Q2,true
R01719,I01719,2025-Q3,true
R01720,I01720,2025-Q4,true
R01721,I01721,2025-Q4,true
R01722,I01722,2026-Q2,true
R01723,I01723,2026-Q1,true
R01724,I01724,2026-Q3,true
R01725,I01725,2026-Q3,true
R01726,I01726,2026-Q1,true
R01727,I01727,2025-Q2,true
R01728,I01728,2025-Q3,false
R01729,I01729,2025-Q3,false
R01730,I01730,2026-Q2,true
R01731,I01731,2026-Q1,true
R01732,I01732,2025-Q4,true
R01733,I01733,2025-Q3,true
R01734,I01734,2025-Q2,true
R01735,I01735,2025-Q4,true
R01736,I01736,2026-Q1,true
R01737,I01737,2025-Q2,true
R01738,I01738,2025-Q4,true
R01739,I01739,2025-Q4,true
R01740,I01740,2026-Q2,true
R01741,I01741,2025-Q4,true
R01742,I01742,2026-Q1,true
R01743,I01743,2025-Q2,true
R01744,I01744,2026-Q1,true
R01745,I01745,2026-Q1,true
R01746,I01746,2026-Q1,true
R01747,I01747,2026-Q2,true
R01748,I01748,2026-Q2,true
R01749,I01749,2026-Q2,false
R01750,I01750,2026-Q3,true
R01751,I01751,2026-Q3,true
R01752,I01752,2026-Q2,true
R01753,I01753,2026-Q3,true
R01754,I01754,2025-Q4,true
R01755,I01755,2026-Q2,true
R01756,I01756,2026-Q3,false
R01757,I01757,2025-Q2,true
R01758,I01758,2025-Q4,true
R01759,I01759,2026-Q1,false
R01760,I01760,2025-Q4,true
R01761,I01761,2025-Q3,true
R01762,I01762,2026-Q2,false
R01763,I01763,2026-Q1,true
R01764,I01764,2025-Q2,true
R01765,I01765,2026-Q1,false
R01766,I01766,2026-Q2,true
R01767,I01767,2025-Q3,false
R01768,I01768,2025-Q2,true
R01769,I01769,2026-Q1,true
R01770,I01770,2026-Q1,true
R01771,I01771,2025-Q4,true
R01772,I01772,2025-Q2,true
R01773,I01773,2025-Q3,true
R01774,I01774,2026-Q3,true
R01775,I01775,2026-Q1,false
R01776,I01776,2026-Q2,true
R01777,I01777,2026-Q3,true
R01778,I01778,2025-Q2,true
R01779,I01779,2025-Q3,true
R01780,I01780,2025-Q2,true
R01781,I01781,2026-Q2,true
R01782,I01782,2026-Q2,true
R01783,I01783,2025-Q2,true
R01784,I01784,2025-Q4,true
R01785,I01785,2025-Q3,true
R01786,I01786,2026-Q2,true
R01787,I01787,2025-Q3,true
R01788,I01788,2025-Q4,true
R01789,I01789,2026-Q3,true
R01790,I01790,2026-Q3,true
R01791,I01791,2025-Q4,false
R01792,I01792,2025-Q3,true
R01793,I01793,2025-Q4,true
R01794,I01794,2026-Q1,true
R01795,I01795,2026-Q2,false
R01796,I01796,2026-Q4,true
R01797,I01797,2025-Q2,true
R01798,I01798,2025-Q4,true
R01799,I01799,2026-Q2,true
R01800,I01800,2026-Q2,true
R01801,I01801,2025-Q4,true
R01802,I01802,2025-Q4,true
R01803,I01803,2025-Q2,true
R01804,I01804,2025-Q3,true
R01805,I01805,2025-Q3,true
R01806,I01806,2025-Q2,false
R01807,I01807,2025-Q2,true
R01808,I01808,2026-Q3,true
R01809,I01809,2026-Q1,true
R01810,I01810,2026-Q3,true
R01811,I01811,2025-Q2,true
R01812,I01812,2026-Q1,true
R01813,I01813,2025-Q3,true
R01814,I01814,2026-Q1,false
R01815,I01815,2025-Q3,true
R01816,I01816,2026-Q1,true
R01817,I01817,2025-Q4,true
R01818,I01818,2025-Q4,true
R01819,I01819,2025-Q2,true
R01820,I01820,2025-Q4,false
R01821,I01821,2026-Q3,true
R01822,I01822,2026-Q2,true
R01823,I01823,2026-Q2,true
R01824,I01824,2026-Q3,true
R01825,I01825,2026-Q2,true
R01826,I01826,2025-Q4,false
R01827,I01827,2025-Q3,true
R01828,I01828,2026-Q2,false
R01829,I01829,2026-Q2,true
R01830,I01830,2026-Q1,true
R01831,I01831,2026-Q1,false
R01832,I01832,2026-Q3,true
R01833,I01833,2026-Q2,true
R01834,I01834,2025-Q2,true
R01835,I01835,2025-Q2,false
R01836,I01836,2026-Q2,true
R01837,I01837,2025-Q4,false
R01838,I01838,2026-Q2,true
R01839,I01839,2026-Q3,true
R01840,I01840,2025-Q3,true
R01841,I01841,2025-Q2,true
R01842,I01842,2025-Q3,true
R01843,I01843,2025-Q2,false
R01844,I01844,2025-Q4,false
R01845,I01845,2026-Q1,true
R01846,I01846,2025-Q2,false
R01847,I01847,2025-Q4,true
R01848,I01848,2026-Q1,true
R01849,I01849,2025-Q2,true
R01850,I01850,2025-Q4,true
R01851,I01851,2025-Q4,false
R01852,I01852,2025-Q2,true
R01853,I01853,2025-Q2,false
R01854,I01854,2026-Q3,true
R01855,I01855,2026-Q3,true
R01856,I01856,2026-Q3,true
R01857,I01857,2026-Q3,true
R01858,I01858,2025-Q4,true
R01859,I01859,2025-Q3,true
R01860,I01860,2025-Q4,true
R01861,I01861,2026-Q1,true
R01862,I01862,2025-Q4,true
R01863,I01863,2026-Q1,true
R01864,I01864,2025-Q3,false
R01865,I01865,2025-Q4,true
R01866,I01866,2025-Q4,true
R01867,I01867,2025-Q3,true
R01868,I01868,2025-Q3,false
R01869,I01869,2026-Q1,true
R01870,I01870,2025-Q3,true
R01871,I01871,2025-Q3,true
R01872,I01872,2026-Q3,true
R01873,I01873,2025-Q2,true
R01874,I01874,2025-Q4,true
R01875,I01875,2025-Q2,true
R01876,I01876,2026-Q2,true
R01877,I01877,2026-Q3,false
R01878,I01878,2026-Q1,true
R01879,I01879,2026-Q2,true
R01880,I01880,2025-Q4,true
R01881,I01881,2025-Q2,true
R01882,I01882,2026-Q2,true
R01883,I01883,2026-Q2,false
R01884,I01884,2026-Q2,true
R01885,I01885,2026-Q3,true
R01886,I01886,2025-Q2,true
R01887,I01887,2026-Q2,true
R01888,I01888,2025-Q2,true
R01889,I01889,2026-Q3,true
R01890,I01890,2026-Q1,true
R01891,I01891,2026-Q2,false
R01892,I01892,2025-Q4,true
R01893,I01893,2026-Q2,true
R01894,I01894,2026-Q2,false
R01895,I01895,2026-Q1,true
R01896,I01896,2026-Q1,true
R01897,I01897,2026-Q2,true
R01898,I01898,2026-Q1,true
R01899,I01899,2026-Q3,false
R01900,I01900,2026-Q2,true
R01901,I01901,2025-Q2,true
R01902,I01902,2025-Q2,true
R01903,I01903,2025-Q3,true
R01904,I01904,2025-Q3,true
R01905,I01905,2025-Q2,false
R01906,I01906,2026-Q2,false
R01907,I01907,2025-Q2,true
R01908,I01908,2025-Q2,true
R01909,I01909,2025-Q3,true
R01910,I01910,2026-Q2,true
R01911,I01911,2025-Q4,true
R01912,I01912,2025-Q2,true
R01913,I01913,2025-Q3,true
R01914,I01914,2025-Q2,true
R01915,I01915,2025-Q3,false
R01916,I01916,2026-Q1,true
R01917,I01917,2025-Q2,true
R01918,I01918,2026-Q1,true
R01919,I01919,2026-Q3,true
R01920,I01920,2025-Q4,true
R01921,I01921,2025-Q3,true
R01922,I01922,2026-Q3,true
R01923,I01923,2026-Q2,true
R01924,I01924,2025-Q3,true
R01925,I01925,2025-Q2,true
R01926,I01926,2026-Q2,false
R01927,I01927,2026-Q2,true
R01928,I01928,2026-Q2,true
R01929,I01929,2025-Q2,true
R01930,I01930,2025-Q3,true
R01931,I01931,2026-Q1,true
R01932,I01932,2025-Q4,true
R01933,I01933,2025-Q3,true
R01934,I01934,2026-Q2,true
R01935,I01935,2025-Q3,true
R01936,I01936,2025-Q2,true
R01937,I01937,2026-Q1,true
R01938,I01938,2025-Q3,true
R01939,I01939,2025-Q3,false
R01940,I01940,2025-Q4,true
R01941,I01941,2026-Q2,true
R01942,I01942,2026-Q3,false
R01943,I01943,2026-Q3,true
R01944,I01944,2026-Q3,true
R01945,I01945,2026-Q2,true
R01946,I01946,2026-Q2,true
R01947,I01947,2025-Q4,true
R01948,I01948,2025-Q2,true
R01949,I01949,2025-Q4,false
R01950,I01950,2025-Q2,true
R01951,I01951,2025-Q3,true
R01952,I01952,2026-Q3,true
R01953,I01953,2026-Q3,true
R01954,I01954,2025-Q4,true
R01955,I01955,2025-Q4,true
R01956,I01956,2025-Q4,true
R01957,I01957,2026-Q2,false
R01958,I01958,2025-Q2,true
R01959,I01959,2026-Q3,true
R01960,I01960,2025-Q3,true
R01961,I01961,2026-Q1,true
R01962,I01962,2025-Q4,true
R01963,I01963,2026-Q2,true
R01964,I01964,2025-Q2,true
R01965,I01965,2026-Q2,true
R01966,I01966,2026-Q2,true
R01967,I01967,2025-Q3,false
R01968,I01968,2025-Q3,true
R01969,I01969,2026-Q2,true
R01970,I01970,2026-Q2,true
R01971,I01971,2026-Q2,true
R01972,I01972,2026-Q2,true
R01973,I01973,2026-Q2,true
R01974,I01974,2025-Q4,false
R01975,I01975,2026-Q1,true
R01976,I01976,2025-Q4,false
R01977,I01977,2026-Q2,true
R01978,I01978,2026-Q2,true
R01979,I01979,2025-Q4,true
R01980,I01980,2025-Q2,true
R01981,I01981,2025-Q4,false
R01982,I01982,2025-Q4,true
R01983,I01983,2025-Q4,true
R01984,I01984,2025-Q2,false
R01985,I01985,2026-Q3,true
R01986,I01986,2025-Q4,true
R01987,I01987,2026-Q1,false
R01988,I01988,2025-Q4,false
R01989,I01989,2025-Q3,true
R01990,I01990,2026-Q2,true
R01991,I01991,2025-Q3,true
R01992,I01992,2025-Q2,true
R01993,I01993,2025-Q2,true
R01994,I01994,2026-Q3,true
R01995,I01995,2025-Q4,true
R01996,I01996,2025-Q3,true
R01997,I01997,2025-Q3,true
R01998,I01998,2025-Q2,true
R01999,I01999,2025-Q3,true
R02000,I02000,2026-Q1,false
R02001,I02001,2026-Q2,true
R02002,I02002,2026-Q1,true
R02003,I02003,2025-Q2,false
R02004,I02004,2025-Q2,true
R02005,I02005,2026-Q3,true
R02006,I02006,2025-Q2,true
R02007,I02007,2026-Q1,true
R02008,I02008,2025-Q4,false
R02009,I02009,2026-Q2,true
R02010,I02010,2026-Q2,true
R02011,I02011,2026-Q3,true
R02012,I02012,2025-Q3,true
R02013,I02013,2026-Q1,true
R02014,I02014,2026-Q3,true
R02015,I02015,2025-Q2,true
R02016,I02016,2025-Q2,true
R02017,I02017,2025-Q3,true
R02018,I02018,2025-Q2,true
R02019,I02019,2026-Q3,true
R02020,I02020,2026-Q2,true
R02021,I02021,2026-Q3,true
R02022,I02022,2025-Q2,true
R02023,I02023,2025-Q3,true
R02024,I02024,2026-Q1,true
R02025,I02025,2025-Q3,true
R02026,I02026,2025-Q2,true
R02027,I02027,2026-Q2,true
R02028,I02028,2026-Q3,true
R02029,I02029,2026-Q3,false
R02030,I02030,2026-Q2,true
R02031,I02031,2026-Q1,true
R02032,I02032,2025-Q3,false
R02033,I02033,2025-Q4,true
R02034,I02034,2026-Q1,true
R02035,I02035,2025-Q3,false
R02036,I02036,2026-Q2,true
R02037,I02037,2026-Q3,true
R02038,I02038,2025-Q4,false
R02039,I02039,2025-Q4,false
R02040,I02040,2025-Q4,true
R02041,I02041,2025-Q4,true
R02042,I02042,2025-Q3,true
R02043,I02043,2025-Q4,true
R02044,I02044,2026-Q1,true
R02045,I02045,2026-Q2,true
R02046,I02046,2025-Q3,true
R02047,I02047,2026-Q2,true
R02048,I02048,2026-Q3,false
R02049,I02049,2025-Q2,false
R02050,I02050,2026-Q1,true
R02051,I02051,2026-Q2,true
R02052,I02052,2025-Q2,true
R02053,I02053,2025-Q3,true
R02054,I02054,2026-Q1,true
R02055,I02055,2025-Q3,false
R02056,I02056,2026-Q2,false
R02057,I02057,2025-Q3,true
R02058,I02058,2025-Q3,false
R02059,I02059,2025-Q2,true
R02060,I02060,2026-Q2,true
R02061,I02061,2025-Q2,true
R02062,I02062,2025-Q3,false
R02063,I02063,2025-Q4,true
R02064,I02064,2025-Q3,true
R02065,I02065,2026-Q2,true
R02066,I02066,2026-Q1,true
R02067,I02067,2026-Q2,false
R02068,I02068,2025-Q2,true
R02069,I02069,2026-Q2,false
R02070,I02070,2026-Q3,true
R02071,I02071,2026-Q3,true
R02072,I02072,2025-Q4,true
R02073,I02073,2026-Q2,true
R02074,I02074,2026-Q2,true
R02075,I02075,2025-Q2,true
R02076,I02076,2026-Q1,true
R02077,I02077,2026-Q2,true
R02078,I02078,2025-Q3,true
R02079,I02079,2025-Q3,true
R02080,I02080,2026-Q2,false
R02081,I02081,2025-Q2,true
R02082,I02082,2025-Q2,false
R02083,I02083,2025-Q4,true
R02084,I02084,2026-Q1,true
R02085,I02085,2026-Q1,true
R02086,I02086,2025-Q4,true
R02087,I02087,2026-Q2,true
R02088,I02088,2026-Q1,true
R02089,I02089,2026-Q2,true
R02090,I02090,2026-Q2,true
R02091,I02091,2025-Q4,true
R02092,I02092,2025-Q3,true
R02093,I02093,2025-Q3,true
R02094,I02094,2026-Q1,true
R02095,I02095,2025-Q4,true
R02096,I02096,2026-Q1,true
R02097,I02097,2026-Q3,true
R02098,I02098,2025-Q2,true
R02099,I02099,2026-Q2,true
R02100,I02100,2025-Q3,false
R02101,I02101,2026-Q2,true
R02102,I02102,2026-Q2,false
R02103,I02103,2026-Q2,true
R02104,I02104,2026-Q1,true
R02105,I02105,2026-Q1,true
R02106,I02106,2025-Q3,false
R02107,I02107,2026-Q3,true
R02108,I02108,2026-Q2,true
R02109,I02109,2026-Q3,false
R02110,I02110,2026-Q3,true
R02111,I02111,2026-Q3,true
R02112,I02112,2026-Q3,true
R02113,I02113,2025-Q3,true
R02114,I02114,2026-Q1,true
R02115,I02115,2025-Q3,false
R02116,I02116,2025-Q3,true
R02117,I02117,2026-Q2,false
R02118,I02118,2025-Q4,true
R02119,I02119,2025-Q3,true
R02120,I02120,2025-Q3,true
R02121,I02121,2025-Q3,true
R02122,I02122,2025-Q2,true
R02123,I02123,2025-Q2,true
R02124,I02124,2025-Q4,false
R02125,I02125,2026-Q2,true
R02126,I02126,2026-Q1,true
R02127,I02127,2026-Q3,true
R02128,I02128,2026-Q1,false
R02129,I02129,2026-Q2,true
R02130,I02130,2025-Q2,true
R02131,I02131,2026-Q1,true
R02132,I02132,2026-Q2,true
R02133,I02133,2025-Q2,true
R02134,I02134,2025-Q2,true
R02135,I02135,2026-Q3,true
R02136,I02136,2025-Q4,true
R02137,I02137,2026-Q1,false
R02138,I02138,2025-Q2,true
R02139,I02139,2026-Q1,false
R02140,I02140,2025-Q4,false
R02141,I02141,2025-Q2,true
R02142,I02142,2025-Q2,true
R02143,I02143,2026-Q1,false
R02144,I02144,2026-Q3,false
R02145,I02145,2025-Q4,false
R02146,I02146,2026-Q1,true
R02147,I02147,2025-Q2,false
R02148,I02148,2026-Q3,true
R02149,I02149,2026-Q3,true
R02150,I02150,2026-Q2,true
R02151,I02151,2025-Q3,true
R02152,I02152,2026-Q3,true
R02153,I02153,2026-Q1,false
R02154,I02154,2026-Q1,true
R02155,I02155,2026-Q1,true
R02156,I02156,2026-Q2,true
R02157,I02157,2025-Q2,true
R02158,I02158,2026-Q1,true
R02159,I02159,2025-Q3,true
R02160,I02160,2026-Q2,false
R02161,I02161,2025-Q4,true
R02162,I02162,2026-Q3,true
R02163,I02163,2025-Q2,true
R02164,I02164,2025-Q4,false
R02165,I02165,2026-Q2,false
R02166,I02166,2026-Q3,true
R02167,I02167,2025-Q2,true
R02168,I02168,2026-Q1,true
R02169,I02169,2026-Q1,true
R02170,I02170,2025-Q2,true
R02171,I02171,2025-Q2,true
R02172,I02172,2025-Q4,true
R02173,I02173,2026-Q2,true
R02174,I02174,2026-Q3,true
R02175,I02175,2025-Q2,true
R02176,I02176,2025-Q2,false
R02177,I02177,2026-Q2,true
R02178,I02178,2026-Q3,true
R02179,I02179,2025-Q4,true
R02180,I02180,2026-Q2,true
R02181,I02181,2026-Q3,true
R02182,I02182,2025-Q1,true
R02183,I02183,2025-Q4,false
R02184,I02184,2025-Q3,true
R02185,I02185,2025-Q3,true
R02186,I02186,2026-Q2,true
R02187,I02187,2025-Q4,true
R02188,I02188,2026-Q1,true
R02189,I02189,2026-Q2,true
R02190,I02190,2025-Q4,true
R02191,I02191,2025-Q4,true
R02192,I02192,2025-Q3,false
R02193,I02193,2025-Q3,true
R02194,I02194,2026-Q3,true
R02195,I02195,2026-Q3,true
R02196,I02196,2025-Q4,true
R02197,I02197,2026-Q1,true
R02198,I02198,2025-Q4,true
R02199,I02199,2026-Q3,true
R02200,I02200,2025-Q2,true
R02201,I02201,2025-Q2,true
R02202,I02202,2025-Q3,false
R02203,I02203,2026-Q3,true
R02204,I02204,2026-Q2,false
R02205,I02205,2025-Q3,true
R02206,I02206,2026-Q3,true
R02207,I02207,2025-Q3,true
R02208,I02208,2025-Q4,true
R02209,I02209,2026-Q1,true
R02210,I02210,2026-Q1,true
R02211,I02211,2026-Q2,true
R02212,I02212,2025-Q3,true
R02213,I02213,2026-Q3,false
R02214,I02214,2026-Q3,true
R02215,I02215,2025-Q2,true
R02216,I02216,2025-Q4,true
R02217,I02217,2025-Q2,true
R02218,I02218,2026-Q2,true
R02219,I02219,2025-Q2,true
R02220,I02220,2025-Q4,true
R02221,I02221,2025-Q4,true
R02222,I02222,2026-Q1,true
R02223,I02223,2026-Q2,false
R02224,I02224,2026-Q1,true
R02225,I02225,2026-Q2,true
R02226,I02226,2025-Q3,true
R02227,I02227,2025-Q4,false
R02228,I02228,2025-Q3,true
R02229,I02229,2026-Q2,true
R02230,I02230,2026-Q1,true
R02231,I02231,2026-Q1,true
R02232,I02232,2026-Q1,true
R02233,I02233,2026-Q3,true
R02234,I02234,2026-Q3,true
R02235,I02235,2025-Q2,true
R02236,I02236,2025-Q4,true
R02237,I02237,2026-Q2,true
R02238,I02238,2026-Q1,true
R02239,I02239,2025-Q4,true
R02240,I02240,2026-Q2,false
R02241,I02241,2025-Q4,false
R02242,I02242,2026-Q2,true
R02243,I02243,2025-Q3,true
R02244,I02244,2026-Q2,true
R02245,I02245,2026-Q3,true
R02246,I02246,2026-Q1,true
R02247,I02247,2025-Q4,true
R02248,I02248,2026-Q2,true
R02249,I02249,2026-Q3,true
R02250,I02250,2025-Q2,true
R02251,I02251,2026-Q1,true
R02252,I02252,2025-Q2,true
R02253,I02253,2026-Q3,true
R02254,I02254,2025-Q4,true
R02255,I02255,2026-Q2,true
R02256,I02256,2025-Q3,true
R02257,I02257,2026-Q1,true
R02258,I02258,2026-Q3,true
R02259,I02259,2025-Q3,true
R02260,I02260,2026-Q2,true
R02261,I02261,2025-Q4,true
R02262,I02262,2026-Q2,false
R02263,I02263,2025-Q3,true
R02264,I02264,2025-Q2,true
R02265,I02265,2025-Q4,true
R02266,I02266,2025-Q2,true
R02267,I02267,2026-Q2,true
R02268,I02268,2026-Q3,true
R02269,I02269,2026-Q3,true
R02270,I02270,2025-Q2,true
R02271,I02271,2026-Q1,true
R02272,I02272,2026-Q3,true
R02273,I02273,2025-Q2,true
R02274,I02274,2025-Q3,true
R02275,I02275,2025-Q2,false
R02276,I02276,2025-Q3,false
R02277,I02277,2026-Q3,true
R02278,I02278,2025-Q4,true
R02279,I02279,2026-Q1,false
R02280,I02280,2025-Q3,true
R02281,I02281,2025-Q4,true
R02282,I02282,2025-Q3,true
R02283,I02283,2025-Q3,false
R02284,I02284,2025-Q2,true
R02285,I02285,2026-Q3,true
R02286,I02286,2025-Q4,false
R02287,I02287,2025-Q2,true
R02288,I02288,2026-Q1,true
R02289,I02289,2026-Q3,true
R02290,I02290,2025-Q2,true
R02291,I02291,2026-Q2,true
R02292,I02292,2025-Q2,true
R02293,I02293,2025-Q3,true
R02294,I02294,2026-Q3,true
R02295,I02295,2026-Q2,false
R02296,I02296,2026-Q2,false
R02297,I02297,2025-Q4,false
R02298,I02298,2025-Q2,true
R02299,I02299,2026-Q2,true
R02300,I02300,2026-Q2,true
R02301,I02301,2025-Q2,true
R02302,I02302,2025-Q3,false
R02303,I02303,2026-Q2,false
R02304,I02304,2026-Q1,true
R02305,I02305,2025-Q3,true
R02306,I02306,2025-Q4,true
R02307,I02307,2025-Q2,true
R02308,I02308,2026-Q1,true
R02309,I02309,2025-Q4,false
R02310,I02310,2025-Q4,true
R02311,I02311,2025-Q2,true
R02312,I02312,2025-Q4,false
R02313,I02313,2026-Q2,true
R02314,I02314,2025-Q3,true
R02315,I02315,2025-Q2,true
R02316,I02316,2025-Q2,true
R02317,I02317,2026-Q3,false
R02318,I02318,2025-Q2,true
R02319,I02319,2025-Q4,true
R02320,I02320,2025-Q2,false
R02321,I02321,2026-Q1,true
R02322,I02322,2026-Q3,true
R02323,I02323,2026-Q1,true
R02324,I02324,2026-Q1,false
R02325,I02325,2025-Q3,true
R02326,I02326,2025-Q2,false
R02327,I02327,2025-Q4,true
R02328,I02328,2025-Q3,false
R02329,I02329,2025-Q3,false
R02330,I02330,2026-Q3,true
R02331,I02331,2025-Q1,true
R02332,I02332,2026-Q3,true
R02333,I02333,2026-Q1,false
R02334,I02334,2026-Q1,false
R02335,I02335,2026-Q3,true
R02336,I02336,2025-Q2,true
R02337,I02337,2025-Q4,true
R02338,I02338,2026-Q2,true
R02339,I02339,2026-Q1,true
R02340,I02340,2026-Q1,true
R02341,I02341,2025-Q2,true
R02342,I02342,2026-Q2,true
R02343,I02343,2025-Q1,false
R02344,I02344,2026-Q1,true
R02345,I02345,2025-Q3,true
R02346,I02346,2025-Q3,true
R02347,I02347,2025-Q3,true
R02348,I02348,2026-Q1,true
R02349,I02349,2026-Q2,true
R02350,I02350,2026-Q3,true
R02351,I02351,2026-Q2,true
R02352,I02352,2026-Q2,false
R02353,I02353,2025-Q4,true
R02354,I02354,2026-Q1,true
R02355,I02355,2026-Q2,true
R02356,I02356,2026-Q2,true
R02357,I02357,2025-Q3,true
R02358,I02358,2026-Q1,true
R02359,I02359,2025-Q3,false
R02360,I02360,2025-Q2,true
R02361,I02361,2025-Q3,true
R02362,I02362,2025-Q2,true
R02363,I02363,2025-Q4,false
R02364,I02364,2026-Q3,true
R02365,I02365,2026-Q2,false
R02366,I02366,2026-Q2,true
R02367,I02367,2026-Q1,true
R02368,I02368,2025-Q3,true
R02369,I02369,2026-Q1,true
R02370,I02370,2025-Q4,true
R02371,I02371,2025-Q2,true
R02372,I02372,2025-Q4,true
R02373,I02373,2025-Q4,false
R02374,I02374,2025-Q3,true
R02375,I02375,2025-Q2,true
R02376,I02376,2025-Q3,true
R02377,I02377,2025-Q2,true
R02378,I02378,2026-Q3,true
R02379,I02379,2025-Q2,true
R02380,I02380,2026-Q1,true
R02381,I02381,2026-Q3,true
R02382,I02382,2026-Q3,false
R02383,I02383,2026-Q1,true
R02384,I02384,2025-Q4,true
R02385,I02385,2026-Q1,false
R02386,I02386,2026-Q2,false
R02387,I02387,2026-Q2,false
R02388,I02388,2026-Q1,true
R02389,I02389,2026-Q3,true
R02390,I02390,2026-Q3,true
R02391,I02391,2025-Q3,true
R02392,I02392,2025-Q4,false
R02393,I02393,2026-Q1,true
R02394,I02394,2026-Q1,true
R02395,I02395,2026-Q2,true
R02396,I02396,2026-Q2,true
R02397,I02397,2025-Q3,true
R02398,I02398,2026-Q1,true
R02399,I02399,2026-Q1,true
R02400,I02400,2026-Q3,true
R02401,I02401,2025-Q2,false
R02402,I02402,2026-Q2,true
R02403,I02403,2025-Q2,true
R02404,I02404,2025-Q2,false
R02405,I02405,2025-Q3,true
R02406,I02406,2025-Q2,true
R02407,I02407,2026-Q2,true
R02408,I02408,2026-Q1,true
R02409,I02409,2025-Q2,true
R02410,I02410,2025-Q3,false
R02411,I02411,2026-Q1,false
R02412,I02412,2026-Q2,true
R02413,I02413,2025-Q3,true
R02414,I02414,2025-Q2,true
R02415,I02415,2025-Q3,true
R02416,I02416,2026-Q1,true
R02417,I02417,2025-Q4,true
R02418,I02418,2026-Q1,true
R02419,I02419,2025-Q4,true
R02420,I02420,2025-Q4,false
R02421,I02421,2025-Q3,true
R02422,I02422,2025-Q4,true
R02423,I02423,2025-Q3,true
R02424,I02424,2025-Q2,true
R02425,I02425,2025-Q3,true
R02426,I02426,2026-Q2,true
R02427,I02427,2025-Q3,true
R02428,I02428,2025-Q4,true
R02429,I02429,2026-Q2,true
R02430,I02430,2025-Q3,false
R02431,I02431,2026-Q3,true
R02432,I02432,2025-Q4,true
R02433,I02433,2026-Q1,true
R02434,I02434,2025-Q2,true
R02435,I02435,2025-Q4,true
R02436,I02436,2025-Q4,true
R02437,I02437,2026-Q2,true
R02438,I02438,2025-Q3,true
R02439,I02439,2026-Q2,false
R02440,I02440,2026-Q1,true
R02441,I02441,2025-Q4,true
R02442,I02442,2026-Q3,true
R02443,I02443,2026-Q1,true
R02444,I02444,2025-Q4,true
R02445,I02445,2026-Q3,false
R02446,I02446,2025-Q3,true
R02447,I02447,2025-Q3,true
R02448,I02448,2025-Q2,true
R02449,I02449,2025-Q3,false
R02450,I02450,2026-Q2,true
R02451,I02451,2025-Q4,true
R02452,I02452,2025-Q1,false
R02453,I02453,2025-Q4,true
R02454,I02454,2025-Q2,true
R02455,I02455,2025-Q2,false
R02456,I02456,2026-Q1,false
R02457,I02457,2025-Q4,true
R02458,I02458,2026-Q1,true
R02459,I02459,2025-Q3,true
R02460,I02460,2025-Q4,true
R02461,I02461,2025-Q2,true
R02462,I02462,2026-Q2,true
R02463,I02463,2026-Q1,true
R02464,I02464,2026-Q3,true
R02465,I02465,2025-Q2,true
R02466,I02466,2025-Q3,true
R02467,I02467,2026-Q2,true
R02468,I02468,2026-Q1,true
R02469,I02469,2025-Q4,true
R02470,I02470,2025-Q3,true
R02471,I02471,2025-Q1,true
R02472,I02472,2025-Q2,true
R02473,I02473,2025-Q3,false
R02474,I02474,2026-Q3,true
R02475,I02475,2026-Q1,true
R02476,I02476,2025-Q4,true
R02477,I02477,2026-Q1,true
R02478,I02478,2025-Q4,true
R02479,I02479,2025-Q2,true
R02480,I02480,2025-Q3,true
R02481,I02481,2025-Q2,true
R02482,I02482,2026-Q1,true
R02483,I02483,2026-Q2,true
R02484,I02484,2026-Q1,false
R02485,I02485,2026-Q3,false
R02486,I02486,2025-Q3,true
R02487,I02487,2025-Q2,true
R02488,I02488,2025-Q2,false
R02489,I02489,2025-Q1,true
R02490,I02490,2025-Q4,false
R02491,I02491,2025-Q2,true
R02492,I02492,2026-Q1,true
R02493,I02493,2025-Q4,false
R02494,I02494,2025-Q3,true
R02495,I02495,2026-Q2,true
R02496,I02496,2026-Q3,true
R02497,I02497,2026-Q3,true
R02498,I02498,2025-Q2,true
R02499,I02499,2026-Q3,true
R02500,I02500,2026-Q3,true
R02501,I02501,2025-Q2,true
R02502,I02502,2025-Q4,true
R02503,I02503,2025-Q4,true
R02504,I02504,2025-Q4,false
R02505,I02505,2025-Q3,true
R02506,I02506,2026-Q2,true
R02507,I02507,2025-Q2,true
R02508,I02508,2025-Q3,true
R02509,I02509,2025-Q4,true
R02510,I02510,2026-Q3,true
R02511,I02511,2026-Q3,true
R02512,I02512,2025-Q2,true
R02513,I02513,2025-Q3,true
R02514,I02514,2026-Q3,true
R02515,I02515,2025-Q4,true
R02516,I02516,2025-Q2,true
R02517,I02517,2025-Q4,true
R02518,I02518,2025-Q2,true
R02519,I02519,2025-Q2,true
R02520,I02520,2025-Q2,true
R02521,I02521,2026-Q2,true
R02522,I02522,2025-Q3,true
R02523,I02523,2026-Q1,true
R02524,I02524,2026-Q1,true
R02525,I02525,2025-Q4,true
R02526,I02526,2026-Q3,true
R02527,I02527,2026-Q1,true
R02528,I02528,2025-Q2,false
R02529,I02529,2025-Q3,true
R02530,I02530,2025-Q3,true
R02531,I02531,2026-Q1,false
R02532,I02532,2025-Q3,false
R02533,I02533,2026-Q1,false
R02534,I02534,2025-Q3,false
R02535,I02535,2026-Q1,true
R02536,I02536,2026-Q2,true
R02537,I02537,2026-Q3,false
R02538,I02538,2026-Q2,true
R02539,I02539,2026-Q1,true
R02540,I02540,2026-Q2,true
R02541,I02541,2026-Q1,true
R02542,I02542,2026-Q3,true
R02543,I02543,2026-Q3,true
R02544,I02544,2026-Q2,true
R02545,I02545,2026-Q3,false
R02546,I02546,2025-Q4,true
R02547,I02547,2026-Q1,true
R02548,I02548,2025-Q4,false
R02549,I02549,2025-Q3,true
R02550,I02550,2026-Q1,true
R02551,I02551,2025-Q4,true
R02552,I02552,2026-Q2,true
R02553,I02553,2025-Q3,true
R02554,I02554,2025-Q3,true
R02555,I02555,2026-Q1,true
R02556,I02556,2026-Q3,true
R02557,I02557,2025-Q4,false
R02558,I02558,2025-Q3,true
R02559,I02559,2025-Q2,true
R02560,I02560,2026-Q1,true
R02561,I02561,2026-Q2,true
R02562,I02562,2025-Q2,true
R02563,I02563,2026-Q2,false
R02564,I02564,2026-Q3,true
R02565,I02565,2025-Q4,true
R02566,I02566,2026-Q3,true
R02567,I02567,2025-Q3,false
R02568,I02568,2025-Q4,false
R02569,I02569,2026-Q1,true
R02570,I02570,2025-Q4,true
R02571,I02571,2025-Q2,true
R02572,I02572,2025-Q2,false
R02573,I02573,2025-Q2,true
R02574,I02574,2026-Q1,true
R02575,I02575,2025-Q2,false
R02576,I02576,2026-Q2,true
R02577,I02577,2026-Q1,false
R02578,I02578,2026-Q1,true
R02579,I02579,2025-Q2,true
R02580,I02580,2025-Q4,true
R02581,I02581,2026-Q3,true
R02582,I02582,2025-Q3,false
R02583,I02583,2026-Q1,true
R02584,I02584,2025-Q4,true
R02585,I02585,2026-Q1,true
R02586,I02586,2026-Q2,true
R02587,I02587,2026-Q2,true
R02588,I02588,2026-Q3,true
R02589,I02589,2025-Q4,true
R02590,I02590,2025-Q4,true
R02591,I02591,2026-Q3,false
R02592,I02592,2026-Q2,true
R02593,I02593,2025-Q3,true
R02594,I02594,2026-Q1,true
R02595,I02595,2026-Q1,true
R02596,I02596,2026-Q3,true
R02597,I02597,2026-Q3,true
R02598,I02598,2025-Q3,true
R02599,I02599,2026-Q1,true
R02600,I02600,2026-Q2,true
R02601,I02601,2026-Q2,true
R02602,I02602,2025-Q3,true
R02603,I02603,2026-Q2,false
R02604,I02604,2025-Q2,true
R02605,I02605,2025-Q2,true
R02606,I02606,2026-Q2,false
R02607,I02607,2026-Q2,true
R02608,I02608,2025-Q4,false
R02609,I02609,2025-Q4,false
R02610,I02610,2025-Q3,true
R02611,I02611,2025-Q4,true
R02612,I02612,2025-Q2,true
R02613,I02613,2026-Q2,true
R02614,I02614,2026-Q3,true
R02615,I02615,2025-Q4,true
R02616,I02616,2026-Q1,true
R02617,I02617,2026-Q1,true
R02618,I02618,2025-Q4,true
R02619,I02619,2025-Q3,false
R02620,I02620,2026-Q2,false
R02621,I02621,2026-Q1,true
R02622,I02622,2025-Q3,true
R02623,I02623,2026-Q1,true
R02624,I02624,2025-Q2,true
R02625,I02625,2026-Q1,true
R02626,I02626,2025-Q4,true
R02627,I02627,2025-Q2,true
R02628,I02628,2025-Q4,false
R02629,I02629,2026-Q2,true
R02630,I02630,2025-Q4,true
R02631,I02631,2026-Q1,true
R02632,I02632,2026-Q1,true
R02633,I02633,2026-Q3,true
R02634,I02634,2025-Q4,true
R02635,I02635,2025-Q4,true
R02636,I02636,2025-Q3,true
R02637,I02637,2025-Q3,true
R02638,I02638,2025-Q2,false
R02639,I02639,2026-Q2,false
R02640,I02640,2025-Q2,true
R02641,I02641,2025-Q2,true
R02642,I02642,2026-Q2,true
R02643,I02643,2025-Q2,true
R02644,I02644,2026-Q1,true
R02645,I02645,2026-Q3,false
R02646,I02646,2026-Q3,false
R02647,I02647,2026-Q2,true
R02648,I02648,2026-Q3,true
R02649,I02649,2026-Q1,false
R02650,I02650,2025-Q2,true
R02651,I02651,2025-Q4,true
R02652,I02652,2026-Q3,true
R02653,I02653,2025-Q4,true
R02654,I02654,2026-Q1,false
R02655,I02655,2025-Q2,true
R02656,I02656,2025-Q3,true
R02657,I02657,2026-Q3,true
R02658,I02658,2026-Q3,true
R02659,I02659,2025-Q4,true
R02660,I02660,2026-Q2,true
R02661,I02661,2025-Q4,true
R02662,I02662,2026-Q3,true
R02663,I02663,2025-Q1,true
R02664,I02664,2026-Q1,true
R02665,I02665,2025-Q4,true
R02666,I02666,2026-Q1,true
R02667,I02667,2025-Q1,true
R02668,I02668,2026-Q2,true
R02669,I02669,2026-Q1,true
R02670,I02670,2026-Q3,true
R02671,I02671,2026-Q3,true
R02672,I02672,2025-Q4,true
R02673,I02673,2026-Q1,false
R02674,I02674,2025-Q2,true
R02675,I02675,2025-Q3,true
R02676,I02676,2025-Q4,false
R02677,I02677,2025-Q2,true
R02678,I02678,2025-Q3,true
R02679,I02679,2026-Q1,true
R02680,I02680,2026-Q1,true
R02681,I02681,2026-Q3,true
R02682,I02682,2026-Q1,true
R02683,I02683,2026-Q1,true
R02684,I02684,2025-Q2,false
R02685,I02685,2025-Q4,true
R02686,I02686,2026-Q1,true
R02687,I02687,2025-Q4,true
R02688,I02688,2025-Q2,true
R02689,I02689,2025-Q4,true
R02690,I02690,2025-Q4,true
R02691,I02691,2026-Q3,true
R02692,I02692,2026-Q2,true
R02693,I02693,2025-Q4,false
R02694,I02694,2025-Q4,true
R02695,I02695,2026-Q2,true
R02696,I02696,2026-Q2,true
R02697,I02697,2025-Q4,false
R02698,I02698,2026-Q3,true
R02699,I02699,2025-Q4,true
R02700,I02700,2025-Q3,true
R02701,I02701,2026-Q3,true
R02702,I02702,2025-Q4,true
R02703,I02703,2025-Q3,true
R02704,I02704,2026-Q3,true
R02705,I02705,2026-Q2,true
R02706,I02706,2026-Q2,false
R02707,I02707,2025-Q4,true
R02708,I02708,2025-Q3,true
R02709,I02709,2026-Q2,true
R02710,I02710,2025-Q2,true
R02711,I02711,2026-Q1,true
R02712,I02712,2026-Q3,true
R02713,I02713,2025-Q4,true
R02714,I02714,2026-Q2,true
R02715,I02715,2026-Q2,true
R02716,I02716,2025-Q4,true
R02717,I02717,2025-Q4,true
R02718,I02718,2026-Q3,false
R02719,I02719,2026-Q1,true
R02720,I02720,2026-Q1,true
R02721,I02721,2025-Q2,true
R02722,I02722,2025-Q3,true
R02723,I02723,2025-Q4,false
R02724,I02724,2026-Q1,true
R02725,I02725,2026-Q2,true
R02726,I02726,2026-Q3,true
R02727,I02727,2025-Q4,false
R02728,I02728,2025-Q3,true
R02729,I02729,2025-Q2,true
R02730,I02730,2026-Q1,false
R02731,I02731,2025-Q2,true
R02732,I02732,2026-Q1,true
R02733,I02733,2026-Q1,false
R02734,I02734,2026-Q3,true
R02735,I02735,2026-Q2,true
R02736,I02736,2026-Q3,true
R02737,I02737,2025-Q2,true
R02738,I02738,2026-Q1,true
R02739,I02739,2025-Q4,true
R02740,I02740,2025-Q3,true
R02741,I02741,2026-Q1,true
R02742,I02742,2026-Q1,false
R02743,I02743,2026-Q3,false
R02744,I02744,2026-Q3,true
R02745,I02745,2026-Q2,true
R02746,I02746,2026-Q3,true
R02747,I02747,2026-Q1,true
R02748,I02748,2026-Q3,true
R02749,I02749,2026-Q3,true
R02750,I02750,2025-Q4,true
R02751,I02751,2026-Q1,false
R02752,I02752,2026-Q1,false
R02753,I02753,2025-Q3,true
R02754,I02754,2026-Q2,false
R02755,I02755,2026-Q2,false
R02756,I02756,2025-Q2,true
R02757,I02757,2026-Q2,true
R02758,I02758,2026-Q2,true
R02759,I02759,2025-Q2,false
R02760,I02760,2025-Q3,true
R02761,I02761,2025-Q2,true
R02762,I02762,2026-Q1,false
R02763,I02763,2025-Q3,true
R02764,I02764,2026-Q2,true
R02765,I02765,2025-Q3,false
R02766,I02766,2026-Q1,true
R02767,I02767,2026-Q1,true
R02768,I02768,2025-Q3,false
R02769,I02769,2025-Q2,true
R02770,I02770,2025-Q2,true
R02771,I02771,2025-Q3,true
R02772,I02772,2026-Q3,true
R02773,I02773,2026-Q3,false
R02774,I02774,2026-Q2,true
R02775,I02775,2025-Q4,false
R02776,I02776,2026-Q1,true
R02777,I02777,2025-Q4,true
R02778,I02778,2026-Q2,true
R02779,I02779,2026-Q3,false
R02780,I02780,2026-Q1,true
R02781,I02781,2026-Q2,true
R02782,I02782,2026-Q2,true
R02783,I02783,2026-Q2,false
R02784,I02784,2025-Q3,true
R02785,I02785,2026-Q3,true
R02786,I02786,2026-Q3,false
R02787,I02787,2026-Q1,true
R02788,I02788,2025-Q4,true
R02789,I02789,2026-Q2,true
R02790,I02790,2025-Q3,false
R02791,I02791,2026-Q2,true
R02792,I02792,2026-Q2,false
R02793,I02793,2025-Q3,true
R02794,I02794,2025-Q2,true
R02795,I02795,2026-Q3,true
R02796,I02796,2025-Q2,true
R02797,I02797,2026-Q3,true
R02798,I02798,2026-Q3,true
R02799,I02799,2026-Q2,true
R02800,I02800,2026-Q3,true
R02801,I02801,2025-Q2,true
R02802,I02802,2026-Q2,true
R02803,I02803,2025-Q2,true
R02804,I02804,2026-Q1,true
R02805,I02805,2025-Q2,true
R02806,I02806,2025-Q2,true
R02807,I02807,2025-Q4,true
R02808,I02808,2026-Q2,false
R02809,I02809,2025-Q3,true
R02810,I02810,2026-Q3,true
R02811,I02811,2026-Q2,false
R02812,I02812,2026-Q2,true
R02813,I02813,2025-Q2,false
R02814,I02814,2026-Q1,true
R02815,I02815,2025-Q3,true
R02816,I02816,2025-Q4,true
R02817,I02817,2025-Q2,true
R02818,I02818,2025-Q3,true
R02819,I02819,2025-Q2,true
R02820,I02820,2025-Q2,false
R02821,I02821,2026-Q2,true
R02822,I02822,2026-Q2,true
R02823,I02823,2026-Q3,false
R02824,I02824,2026-Q2,true
R02825,I02825,2025-Q3,false
R02826,I02826,2026-Q3,false
R02827,I02827,2026-Q1,true
R02828,I02828,2025-Q3,true
R02829,I02829,2025-Q4,true
R02830,I02830,2025-Q3,true
R02831,I02831,2026-Q2,true
R02832,I02832,2025-Q4,true
R02833,I02833,2025-Q4,true
R02834,I02834,2025-Q3,false
R02835,I02835,2026-Q2,true
R02836,I02836,2026-Q2,true
R02837,I02837,2025-Q2,true
R02838,I02838,2026-Q1,true
R02839,I02839,2025-Q4,false
R02840,I02840,2025-Q4,false
R02841,I02841,2025-Q3,true
R02842,I02842,2025-Q4,false
R02843,I02843,2025-Q3,true
R02844,I02844,2025-Q3,true
R02845,I02845,2025-Q3,true
R02846,I02846,2025-Q4,false
R02847,I02847,2026-Q1,true
R02848,I02848,2026-Q3,true
R02849,I02849,2025-Q2,true
R02850,I02850,2026-Q3,true
R02851,I02851,2026-Q2,true
R02852,I02852,2026-Q3,true
R02853,I02853,2025-Q4,true
R02854,I02854,2026-Q2,true
R02855,I02855,2026-Q2,true
R02856,I02856,2025-Q4,true
R02857,I02857,2026-Q1,false
R02858,I02858,2026-Q3,true
R02859,I02859,2025-Q4,true
R02860,I02860,2025-Q4,true
R02861,I02861,2025-Q4,true
R02862,I02862,2026-Q2,true
R02863,I02863,2025-Q4,false
R02864,I02864,2025-Q4,true
R02865,I02865,2025-Q4,false
R02866,I02866,2026-Q3,false
R02867,I02867,2026-Q3,true
R02868,I02868,2026-Q3,true
R02869,I02869,2025-Q2,true
R02870,I02870,2025-Q2,true
R02871,I02871,2025-Q3,true
R02872,I02872,2026-Q3,true
R02873,I02873,2025-Q2,true
R02874,I02874,2026-Q3,false
R02875,I02875,2026-Q1,true
R02876,I02876,2025-Q3,true
R02877,I02877,2026-Q2,true
R02878,I02878,2025-Q3,false
R02879,I02879,2025-Q4,true
R02880,I02880,2025-Q3,true
R02881,I02881,2025-Q3,true
R02882,I02882,2026-Q2,true
R02883,I02883,2025-Q2,true
R02884,I02884,2026-Q3,true
R02885,I02885,2025-Q2,false
R02886,I02886,2025-Q2,true
R02887,I02887,2025-Q4,true
R02888,I02888,2026-Q3,true
R02889,I02889,2026-Q1,true
R02890,I02890,2026-Q2,true
R02891,I02891,2025-Q4,true
R02892,I02892,2025-Q4,true
R02893,I02893,2025-Q4,true
R02894,I02894,2026-Q1,true
R02895,I02895,2026-Q2,true
R02896,I02896,2025-Q2,true
R02897,I02897,2025-Q4,true
R02898,I02898,2026-Q2,true
R02899,I02899,2025-Q4,true
R02900,I02900,2025-Q3,true
R02901,I02901,2025-Q4,true
R02902,I02902,2026-Q3,true
R02903,I02903,2025-Q3,true
R02904,I02904,2026-Q2,true
R02905,I02905,2025-Q4,false
R02906,I02906,2026-Q1,true
R02907,I02907,2025-Q2,true
R02908,I02908,2026-Q3,false
R02909,I02909,2025-Q3,true
R02910,I02910,2025-Q2,true
R02911,I02911,2025-Q4,true
R02912,I02912,2025-Q2,true
R02913,I02913,2026-Q1,false
R02914,I02914,2026-Q3,false
R02915,I02915,2025-Q4,true
R02916,I02916,2025-Q3,true
R02917,I02917,2026-Q1,true
R02918,I02918,2025-Q3,true
R02919,I02919,2025-Q4,true
R02920,I02920,2026-Q2,true
R02921,I02921,2026-Q2,true
R02922,I02922,2025-Q2,false
R02923,I02923,2026-Q3,true
R02924,I02924,2026-Q1,true
R02925,I02925,2025-Q1,false
R02926,I02926,2025-Q4,true
R02927,I02927,2025-Q4,false
R02928,I02928,2025-Q3,true
R02929,I02929,2026-Q2,false
R02930,I02930,2026-Q1,true
R02931,I02931,2026-Q2,false
R02932,I02932,2025-Q4,true
R02933,I02933,2026-Q2,true
R02934,I02934,2025-Q4,true
R02935,I02935,2025-Q4,true
R02936,I02936,2025-Q2,true
R02937,I02937,2026-Q3,true
R02938,I02938,2026-Q2,true
R02939,I02939,2026-Q1,true
R02940,I02940,2026-Q1,true
R02941,I02941,2026-Q2,false
R02942,I02942,2026-Q3,true
R02943,I02943,2025-Q2,false
R02944,I02944,2026-Q1,true
R02945,I02945,2025-Q2,true
R02946,I02946,2025-Q3,true
R02947,I02947,2025-Q2,false
R02948,I02948,2026-Q1,true
R02949,I02949,2025-Q2,false
R02950,I02950,2026-Q3,true
R02951,I02951,2025-Q2,false
R02952,I02952,2025-Q3,true
R02953,I02953,2026-Q1,true
R02954,I02954,2026-Q3,false
R02955,I02955,2026-Q3,true
R02956,I02956,2026-Q1,true
R02957,I02957,2025-Q3,false
R02958,I02958,2025-Q4,true
R02959,I02959,2026-Q3,true
R02960,I02960,2026-Q3,false
R02961,I02961,2026-Q3,true
R02962,I02962,2026-Q2,true
R02963,I02963,2025-Q1,false
R02964,I02964,2026-Q1,false
R02965,I02965,2026-Q3,true
R02966,I02966,2026-Q2,true
R02967,I02967,2026-Q2,true
R02968,I02968,2026-Q2,true
R02969,I02969,2025-Q1,true
R02970,I02970,2026-Q4,false
R02971,I02971,2026-Q2,true
R02972,I02972,2026-Q1,true
R02973,I02973,2026-Q3,true
R02974,I02974,2025-Q2,false
R02975,I02975,2026-Q1,true
R02976,I02976,2026-Q3,false
R02977,I02977,2026-Q2,true
R02978,I02978,2026-Q1,false
R02979,I02979,2025-Q3,false
R02980,I02980,2026-Q1,true
R02981,I02981,2026-Q1,true
R02982,I02982,2025-Q3,true
R02983,I02983,2026-Q2,true
R02984,I02984,2026-Q3,true
R02985,I02985,2025-Q4,false
R02986,I02986,2026-Q2,true
R02987,I02987,2025-Q4,false
R02988,I02988,2026-Q2,true
R02989,I02989,2025-Q2,true
R02990,I02990,2025-Q4,true
R02991,I02991,2026-Q2,true
R02992,I02992,2026-Q2,true
R02993,I02993,2026-Q3,false
R02994,I02994,2025-Q2,true
R02995,I02995,2026-Q1,true
R02996,I02996,2025-Q4,true
R02997,I02997,2026-Q3,true
R02998,I02998,2026-Q1,true
R02999,I02999,2026-Q2,true
R03000,I03000,2025-Q3,true
